OrderID,CustomerName,Product,Quantity,UnitPrice,OrderDate,ShippingCost,CustomerID
1,Richard Moore,Laptop,3,,2023-01-01 00:00:00,67.79505891,753
2,Charles Martin,Book,3,759.685264,2023-01-02 00:00:00,81.16094545,368
3,Linda Brown,Book,3,755.6516849,2023-01-03 00:00:00,73.99778583,160
4,Mary Williams,Book,4,637.7602529,2023-01-04 00:00:00,48.4084183,541
5,Thomas Gonzalez,Book,4,168.1790575,2023-01-05 00:00:00,5.675473109,752
6,Sarah Anderson,Bike,1,158.9615974,2023-01-06 00:00:00,88.44120831,508
7,Sarah Hernandez,Book,2,964.3012156,2023-01-07 00:00:00,38.64595451,723
8,Barbara Gonzalez,Shirt,1,,2023-01-08 00:00:00,17.56692195,477
9,Karen Johnson,Laptop,4,195.2516234,2023-01-09 00:00:00,85.80824077,390
10,Susan Taylor,Bike,3,806.1635907,2023-01-10 00:00:00,82.73161512,20
11,Barbara Garcia,Bike,4,,2023-01-11 00:00:00,80.93016072,709
12,Michael Jones,Toy,4,820.1266553,2023-01-12 00:00:00,48.21598047,487
13,Thomas Rodriguez,Book,2,55.44206644,2023-01-13 00:00:00,98.37507112,566
14,Charles Martinez,Laptop,1,530.216588,2023-01-14 00:00:00,31.68635657,380
15,Elizabeth Thomas,Laptop,2,220.1496973,2023-01-15 00:00:00,29.66514827,305
16,Joseph Smith,Laptop,1,755.9467913,2023-01-16 00:00:00,94.27779353,527
17,Sarah Jackson,Shirt,4,111.0860336,2023-01-17 00:00:00,75.55859902,537
18,Richard Lopez,Toy,3,821.7960328,2023-01-18 00:00:00,43.36491406,339
19,Thomas Johnson,Toy,2,,2023-01-19 00:00:00,45.26463755,96
20,Joseph Martin,,1,357.5323399,2023-01-20 00:00:00,24.86461456,561
21,Karen Anderson,Laptop,1,435.79871,2023-01-21 00:00:00,61.21611206,770
22,Sarah Rodriguez,Bike,3,228.6468712,2023-01-22 00:00:00,10.64618289,457
23,William Johnson,Laptop,3,121.6718323,2023-01-23 00:00:00,12.24691185,621
24,Jessica Miller,Toy,1,962.1217599,2023-01-24 00:00:00,11.44448443,581
25,Mary Brown,Toy,2,290.2101042,2023-01-25 00:00:00,14.17165455,516
26,James Johnson,Laptop,2,635.8299295,2023-01-26 00:00:00,58.95538977,626
27,John Wilson,Toy,1,875.1821622,2023-01-27 00:00:00,32.95339916,524
28,John Wilson,Shirt,1,422.1188646,2023-01-28 00:00:00,89.76360472,409
29,Jessica Williams,Bike,3,787.3974402,2023-01-29 00:00:00,27.09722908,349
30,John Davis,Shirt,1,962.9933428,2023-01-30 00:00:00,59.31686514,141
31,Thomas Smith,Book,3,821.6646023,2023-01-31 00:00:00,28.14231849,196
32,William Jones,Shirt,4,,2023-02-01 00:00:00,52.37356598,249
33,John Rodriguez,Bike,4,349.9929088,2023-02-02 00:00:00,90.30279847,698
34,Jessica Martinez,Toy,1,174.5350991,2023-02-03 00:00:00,7.279565007,270
35,David Moore,Book,3,587.0103313,2023-02-04 00:00:00,46.90317962,528
36,David Martin,Shirt,4,671.2869206,2023-02-05 00:00:00,87.26635324,734
37,Susan Davis,Shirt,2,163.1434094,2023-02-06 00:00:00,67.58463875,106
38,Thomas Lopez,Shirt,3,796.6035066,2023-02-07 00:00:00,98.7964055,800
39,Sarah Moore,Shirt,4,386.857298,2023-02-08 00:00:00,19.29116215,263
40,Linda Martin,Bike,4,206.0635187,2023-02-09 00:00:00,54.62586726,72
41,Elizabeth Lopez,Toy,3,170.1277186,2023-02-10 00:00:00,20.0839418,574
42,James Davis,Toy,3,767.4211088,2023-02-11 00:00:00,23.56518085,190
43,Robert Rodriguez,Book,2,36.8687771,2023-02-12 00:00:00,97.1565324,670
44,Patricia Martinez,Book,3,568.0658148,2023-02-13 00:00:00,73.91628811,29
45,Jennifer Thomas,Toy,1,20.31645674,2023-02-14 00:00:00,70.62659084,46
46,Jessica Taylor,Shirt,3,363.133731,2023-02-15 00:00:00,70.08665884,232
47,Patricia Hernandez,Laptop,3,399.8730859,2023-02-16 00:00:00,45.03634277,798
48,Charles Moore,Book,4,311.1977261,2023-02-17 00:00:00,32.64616639,194
49,Charles Jackson,Toy,1,565.1219393,2023-02-18 00:00:00,59.90675397,587
50,James Johnson,Toy,4,818.9573639,2023-02-19 00:00:00,6.371823514,579
51,Thomas Jackson,Toy,4,149.6226662,2023-02-20 00:00:00,13.34003877,642
52,Michael Taylor,Laptop,1,553.3387991,2023-02-21 00:00:00,90.63265447,396
53,John Davis,Shirt,4,468.3878561,2023-02-22 00:00:00,98.86747678,105
54,James Garcia,Book,4,117.3025135,2023-02-23 00:00:00,89.67906592,120
55,Susan Martinez,Laptop,3,981.1275816,2023-02-24 00:00:00,60.16983764,167
56,Barbara Gonzalez,Book,2,,2023-02-25 00:00:00,79.37177353,338
57,Richard Moore,Bike,2,835.3306922,2023-02-26 00:00:00,80.8028281,449
58,Susan Davis,,3,547.5804402,2023-02-27 00:00:00,47.9381295,390
59,Patricia Rodriguez,Bike,3,137.2510668,2023-02-28 00:00:00,15.95567013,409
60,Thomas Anderson,Toy,2,32.14691319,2023-03-01 00:00:00,69.30036235,576
61,Sarah Thomas,Laptop,1,,2023-03-02 00:00:00,71.92597887,221
62,William Taylor,Laptop,2,530.9362586,2023-03-03 00:00:00,94.16479385,327
63,Mary Rodriguez,Shirt,3,448.2644842,2023-03-04 00:00:00,62.2403298,250
64,Patricia Lopez,Toy,3,145.540538,2023-03-05 00:00:00,40.09690199,484
65,Jennifer Hernandez,Book,3,379.6187762,2023-03-06 00:00:00,39.88890656,711
66,Elizabeth Miller,Shirt,1,599.3934713,2023-03-07 00:00:00,48.85487404,281
67,Joseph Miller,Book,1,205.8406251,2023-03-08 00:00:00,13.97403548,441
68,Barbara Anderson,Book,2,208.7118929,2023-03-09 00:00:00,61.98675978,613
69,Robert Martinez,Shirt,2,623.7626484,2023-03-10 00:00:00,70.15315848,571
70,William Wilson,Book,3,290.0082585,2023-03-11 00:00:00,9.243758953,387
71,David Johnson,Shirt,3,812.1746093,2023-03-12 00:00:00,64.64695288,40
72,Patricia Anderson,Bike,1,315.2173435,2023-03-13 00:00:00,97.40476224,5
73,Richard Wilson,Shirt,2,,2023-03-14 00:00:00,39.22741642,65
74,Jennifer Jones,Bike,2,147.1421446,2023-03-15 00:00:00,17.77058385,671
75,Thomas Anderson,Laptop,1,466.8013957,2023-03-16 00:00:00,90.31038001,35
76,Joseph Johnson,Laptop,1,280.1706229,2023-03-17 00:00:00,77.65697239,567
77,Charles Garcia,Toy,1,122.0983833,2023-03-18 00:00:00,5.783477937,266
78,Barbara Anderson,Toy,2,198.6050119,2023-03-19 00:00:00,70.53655085,709
79,Mary Wilson,,2,819.1785705,2023-03-20 00:00:00,37.9790329,126
80,Thomas Brown,Book,3,86.22600803,2023-03-21 00:00:00,40.71451463,438
81,Joseph Martin,Shirt,4,911.116692,2023-03-22 00:00:00,45.24375943,503
82,Jessica Gonzalez,Laptop,3,473.7079712,2023-03-23 00:00:00,83.00780979,550
83,Thomas Anderson,,1,79.46319384,2023-03-24 00:00:00,42.98288549,284
84,Jennifer Smith,Laptop,3,176.2507078,2023-03-25 00:00:00,73.76506838,34
85,William Miller,Toy,2,371.7121325,2023-03-26 00:00:00,99.47107754,552
86,Linda Johnson,Laptop,4,423.10136,2023-03-27 00:00:00,40.49625041,292
87,Elizabeth Hernandez,Book,2,801.626056,2023-03-28 00:00:00,15.9506668,430
88,Charles Davis,Laptop,3,227.7950095,2023-03-29 00:00:00,68.30559387,424
89,Patricia Jones,Bike,2,136.6678515,2023-03-30 00:00:00,90.95371105,77
90,Charles Williams,Shirt,2,708.3038148,2023-03-31 00:00:00,33.28845087,509
91,Joseph Brown,Bike,4,881.805729,2023-04-01 00:00:00,73.18585243,162
92,Charles Moore,Toy,3,325.1852523,2023-04-02 00:00:00,48.52853462,588
93,Sarah Martin,Laptop,3,352.1914854,2023-04-03 00:00:00,28.473887,126
94,Robert Miller,Shirt,4,905.8509505,2023-04-04 00:00:00,13.03586616,249
95,Linda Johnson,Toy,2,171.0312283,2023-04-05 00:00:00,91.87257643,546
96,Jennifer Brown,Laptop,1,650.5313533,2023-04-06 00:00:00,88.02244593,651
97,Michael Miller,Bike,4,483.8360687,2023-04-07 00:00:00,18.1725351,342
98,Jennifer Gonzalez,Bike,1,295.4909909,2023-04-08 00:00:00,49.92975932,42
99,Susan Martinez,Laptop,3,192.3459882,2023-04-09 00:00:00,16.40281828,342
100,Jessica Martin,Shirt,4,293.0602335,2023-04-10 00:00:00,91.86200805,574
101,Barbara Martin,Bike,3,671.8679351,2023-04-11 00:00:00,97.73626338,783
102,Sarah Martinez,Shirt,3,416.9585446,2023-04-12 00:00:00,81.97889538,443
103,Susan Martin,Bike,3,224.6527864,2023-04-13 00:00:00,43.84199504,375
104,Sarah Johnson,Shirt,1,815.0110629,2023-04-14 00:00:00,14.94079251,487
105,James Brown,Toy,3,359.4586947,2023-04-15 00:00:00,94.41171557,524
106,Charles Thomas,Shirt,4,224.2553045,2023-04-16 00:00:00,18.75293364,66
107,Karen Thomas,Shirt,3,228.1600166,2023-04-17 00:00:00,64.48930264,292
108,Robert Lopez,Toy,2,493.2594673,2023-04-18 00:00:00,70.66106001,73
109,Jessica Brown,Laptop,1,339.0658893,2023-04-19 00:00:00,53.72756385,526
110,Karen Williams,Book,3,254.5210147,2023-04-20 00:00:00,29.61598494,379
111,Richard Miller,Shirt,3,651.8743178,2023-04-21 00:00:00,94.28146214,474
112,Mary Jones,Shirt,1,836.2177095,2023-04-22 00:00:00,40.61137311,727
113,David Lopez,Bike,1,203.0111014,2023-04-23 00:00:00,73.55387294,552
114,Patricia Rodriguez,Shirt,4,,2023-04-24 00:00:00,93.74078917,308
115,Patricia Garcia,Book,3,315.5804043,2023-04-25 00:00:00,62.5455046,459
116,Patricia Hernandez,Shirt,1,83.50121643,2023-04-26 00:00:00,40.88388938,519
117,Charles Hernandez,Laptop,1,677.3571498,2023-04-27 00:00:00,51.3693092,304
118,William Wilson,Bike,4,807.4589158,2023-04-28 00:00:00,96.84431587,546
119,Thomas Moore,Book,2,305.272635,2023-04-29 00:00:00,85.92026034,430
120,Patricia Jones,Shirt,1,31.4066173,2023-04-30 00:00:00,89.32245872,370
121,Patricia Jones,Book,1,954.4356618,2023-05-01 00:00:00,79.8121624,637
122,Richard Garcia,Shirt,3,939.5601562,2023-05-02 00:00:00,29.60264521,476
123,Karen Williams,,2,680.8037783,2023-05-03 00:00:00,55.74134056,664
124,John Moore,Book,2,175.0346994,2023-05-04 00:00:00,77.12718778,616
125,Elizabeth Johnson,Laptop,3,293.2525701,2023-05-05 00:00:00,72.29781357,54
126,Susan Miller,Laptop,3,652.903108,2023-05-06 00:00:00,39.91472684,23
127,Joseph Moore,Toy,1,52.24931629,2023-05-07 00:00:00,54.40757017,312
128,Sarah Anderson,Bike,4,820.124757,2023-05-08 00:00:00,95.06785368,564
129,Karen Hernandez,Toy,3,43.56570364,2023-05-09 00:00:00,47.62620614,341
130,Charles Martinez,Toy,4,872.137946,2023-05-10 00:00:00,17.49992748,241
131,David Wilson,Bike,3,122.022847,2023-05-11 00:00:00,75.94515513,527
132,Susan Wilson,Shirt,3,136.8595989,2023-05-12 00:00:00,46.60155287,292
133,James Lopez,Book,1,82.58923139,2023-05-13 00:00:00,48.56886019,649
134,Thomas Miller,Laptop,3,304.1707925,2023-05-14 00:00:00,83.56521685,384
135,James Martinez,Book,3,759.7740568,2023-05-15 00:00:00,64.85842987,650
136,Linda Gonzalez,Laptop,4,366.3474665,2023-05-16 00:00:00,24.07339703,269
137,Sarah Jones,Laptop,1,690.5396639,2023-05-17 00:00:00,90.2695144,228
138,Jennifer Rodriguez,Book,1,146.311243,2023-05-18 00:00:00,41.86067076,70
139,William Williams,Toy,4,446.9551374,2023-05-19 00:00:00,19.89251636,49
140,Barbara Martin,Book,3,114.2762868,2023-05-20 00:00:00,42.65012707,598
141,Robert Williams,,4,872.2162321,2023-05-21 00:00:00,34.92195856,158
142,William Martinez,Book,3,484.1080671,2023-05-22 00:00:00,63.15725257,751
143,Elizabeth Thomas,Toy,2,398.3531576,2023-05-23 00:00:00,61.94917945,595
144,Robert Gonzalez,,2,589.5944868,2023-05-24 00:00:00,82.93157819,342
145,Robert Gonzalez,Book,4,,2023-05-25 00:00:00,68.6049174,378
146,William Martin,Book,1,215.5946316,2023-05-26 00:00:00,31.15793222,156
147,Robert Johnson,Laptop,4,725.6291455,2023-05-27 00:00:00,33.7163477,565
148,Elizabeth Jackson,Book,2,83.55292717,2023-05-28 00:00:00,99.68764049,505
149,Elizabeth Smith,Laptop,4,197.4024066,2023-05-29 00:00:00,33.12516247,386
150,Thomas Jones,Shirt,1,969.3101425,2023-05-30 00:00:00,72.10874285,21
151,Patricia Taylor,Laptop,2,247.7338372,2023-05-31 00:00:00,53.99079031,698
152,Jennifer Garcia,Shirt,3,689.4516563,2023-06-01 00:00:00,53.51955781,8
153,Elizabeth Hernandez,Shirt,2,,2023-06-02 00:00:00,39.59531569,16
154,Thomas Anderson,Bike,2,226.5089629,2023-06-03 00:00:00,93.55187615,64
155,Barbara Smith,Toy,1,429.8528347,2023-06-04 00:00:00,48.62218236,656
156,Jessica Miller,Book,3,124.3382382,2023-06-05 00:00:00,98.20287636,782
157,Richard Martin,Bike,2,,2023-06-06 00:00:00,53.38065125,764
158,William Jackson,Book,2,619.5653902,2023-06-07 00:00:00,59.17529913,686
159,John Jones,Book,2,847.1891488,2023-06-08 00:00:00,42.03390601,667
160,Linda Williams,Book,2,274.1361944,2023-06-09 00:00:00,11.75573321,718
161,Thomas Lopez,Toy,4,53.44167996,2023-06-10 00:00:00,53.96207357,780
162,William Williams,Book,1,855.3938182,2023-06-11 00:00:00,15.37986518,557
163,David Martinez,Toy,4,612.9898048,2023-06-12 00:00:00,72.73729384,413
164,Jessica Brown,Laptop,2,855.4624062,2023-06-13 00:00:00,65.27826558,153
165,Patricia Davis,Book,2,504.6661644,2023-06-14 00:00:00,63.19801572,301
166,William Miller,,4,943.9949396,2023-06-15 00:00:00,25.36651985,623
167,Linda Martin,Bike,1,540.0297787,2023-06-16 00:00:00,27.50596547,768
168,William Johnson,Laptop,3,980.2532628,2023-06-17 00:00:00,80.58674341,635
169,Linda Martinez,Laptop,1,261.7523505,2023-06-18 00:00:00,63.55037383,694
170,Linda Miller,Laptop,3,259.6193791,2023-06-19 00:00:00,61.95968633,665
171,Jessica Jackson,Laptop,3,648.0509138,2023-06-20 00:00:00,53.73522023,180
172,Michael Rodriguez,Bike,4,229.9866481,2023-06-21 00:00:00,73.23302904,369
173,Patricia Johnson,,2,115.7850599,2023-06-22 00:00:00,42.95078637,146
174,David Jackson,,3,694.8490047,2023-06-23 00:00:00,50.5248826,263
175,Linda Martin,Book,3,627.7432233,2023-06-24 00:00:00,15.86900852,477
176,Jennifer Williams,Bike,1,901.5091539,2023-06-25 00:00:00,89.98629166,405
177,Charles Thomas,Toy,1,254.4787784,2023-06-26 00:00:00,50.55608268,283
178,Linda Anderson,Bike,1,983.4313274,2023-06-27 00:00:00,65.59149398,626
179,Susan Brown,Toy,2,594.1312108,2023-06-28 00:00:00,72.06638713,379
180,John Jackson,Toy,3,273.1374016,2023-06-29 00:00:00,19.61646298,412
181,William Moore,Laptop,3,600.7260687,2023-06-30 00:00:00,28.08204272,187
182,Elizabeth Jackson,Toy,3,826.889833,2023-07-01 00:00:00,18.92255083,658
183,William Miller,Book,4,61.66761068,2023-07-02 00:00:00,62.69957073,582
184,Charles Johnson,Shirt,1,267.4664377,2023-07-03 00:00:00,37.12425202,697
185,Linda Williams,Toy,2,150.6840189,2023-07-04 00:00:00,6.028024868,133
186,William Gonzalez,,4,295.1386058,2023-07-05 00:00:00,97.97718516,653
187,Barbara Lopez,Shirt,4,688.6066265,2023-07-06 00:00:00,32.06660964,205
188,Joseph Smith,Shirt,2,292.1807666,2023-07-07 00:00:00,37.31404696,253
189,Jessica Brown,Bike,4,505.4854712,2023-07-08 00:00:00,86.47188772,513
190,Thomas Martin,Bike,1,107.3934675,2023-07-09 00:00:00,62.58463441,118
191,Karen Moore,Book,3,657.5680585,2023-07-10 00:00:00,39.69635402,524
192,Linda Moore,Bike,2,393.2068589,2023-07-11 00:00:00,39.54752068,661
193,Susan Smith,Toy,4,651.0218268,2023-07-12 00:00:00,10.72122728,602
194,Elizabeth Johnson,Book,4,164.2246863,2023-07-13 00:00:00,33.25583279,306
195,Elizabeth Moore,Laptop,3,,2023-07-14 00:00:00,28.05927566,282
196,Patricia Brown,Bike,2,283.7077001,2023-07-15 00:00:00,88.52804556,335
197,James Jones,Bike,4,711.544126,2023-07-16 00:00:00,32.00808418,6
198,David Wilson,Book,2,689.9927944,2023-07-17 00:00:00,12.41287405,704
199,David Brown,Shirt,4,279.5436819,2023-07-18 00:00:00,9.659506155,564
200,Joseph Lopez,Bike,4,415.6689572,2023-07-19 00:00:00,13.22453758,496
201,Joseph Johnson,Shirt,3,177.3871394,2023-07-20 00:00:00,41.18759217,23
202,Karen Jones,Laptop,3,,2023-07-21 00:00:00,59.52118258,83
203,Michael Rodriguez,Shirt,2,20.00445264,2023-07-22 00:00:00,94.64917587,85
204,Thomas Rodriguez,Toy,2,785.5925609,2023-07-23 00:00:00,94.33450204,175
205,Robert Johnson,Toy,4,130.8949218,2023-07-24 00:00:00,77.09062879,435
206,Jessica Rodriguez,Toy,3,531.9724457,2023-07-25 00:00:00,46.9673503,133
207,Joseph Rodriguez,Toy,1,242.0686299,2023-07-26 00:00:00,17.66207195,422
208,Barbara Miller,Bike,2,556.1440451,2023-07-27 00:00:00,31.68914671,471
209,Jennifer Martin,Book,3,,2023-07-28 00:00:00,95.09217204,585
210,Robert Taylor,Shirt,3,948.9271556,2023-07-29 00:00:00,93.35217061,460
211,David Davis,Toy,1,803.6698476,2023-07-30 00:00:00,5.295700459,590
212,William Anderson,Laptop,4,344.7031905,2023-07-31 00:00:00,46.52956563,109
213,Patricia Miller,Laptop,3,569.7066314,2023-08-01 00:00:00,20.75891193,206
214,Barbara Thomas,Shirt,4,100.3926835,2023-08-02 00:00:00,76.53052114,521
215,David Hernandez,Laptop,4,482.0350549,2023-08-03 00:00:00,12.43680693,329
216,Sarah Brown,Shirt,4,,2023-08-04 00:00:00,57.84206672,678
217,Jennifer Gonzalez,Toy,1,71.47290354,2023-08-05 00:00:00,42.71630696,370
218,Richard Martinez,Book,3,572.4259171,2023-08-06 00:00:00,5.87337715,357
219,Elizabeth Lopez,Toy,4,745.6452273,2023-08-07 00:00:00,52.16077949,521
220,Elizabeth Brown,Bike,1,560.0761804,2023-08-08 00:00:00,34.7592635,716
221,Sarah Smith,,1,464.9540252,2023-08-09 00:00:00,85.81357587,641
222,William Rodriguez,Shirt,2,130.0497907,2023-08-10 00:00:00,18.09271758,264
223,Jessica Brown,Shirt,3,471.0266633,2023-08-11 00:00:00,35.15145493,284
224,John Lopez,Laptop,2,336.4335384,2023-08-12 00:00:00,74.18221791,397
225,Elizabeth Martin,,4,66.14372115,2023-08-13 00:00:00,28.75443222,369
226,John Rodriguez,Toy,3,339.9409413,2023-08-14 00:00:00,22.51548557,460
227,Thomas Smith,Laptop,4,734.5944061,2023-08-15 00:00:00,99.32478742,645
228,Mary Smith,Book,1,139.3108481,2023-08-16 00:00:00,8.739303262,397
229,John Moore,Shirt,2,915.1607935,2023-08-17 00:00:00,27.55305627,359
230,Susan Taylor,Shirt,4,809.7868069,2023-08-18 00:00:00,31.90054331,292
231,Michael Davis,Toy,2,874.920751,2023-08-19 00:00:00,33.89871734,757
232,Robert Johnson,Shirt,1,523.9938361,2023-08-20 00:00:00,97.69032698,53
233,Karen Moore,Laptop,4,693.7055905,2023-08-21 00:00:00,42.35537347,529
234,Richard Garcia,Bike,1,562.3469227,2023-08-22 00:00:00,20.54671295,575
235,Jennifer Jones,Toy,4,461.7378541,2023-08-23 00:00:00,82.17440374,216
236,Patricia Thomas,,4,,2023-08-24 00:00:00,37.18903248,223
237,Jennifer Taylor,Toy,2,249.6924787,2023-08-25 00:00:00,18.66734505,145
238,Susan Jackson,Laptop,1,703.5102322,2023-08-26 00:00:00,46.41531179,562
239,Elizabeth Miller,,4,838.1302081,2023-08-27 00:00:00,43.45300051,154
240,Elizabeth Smith,Laptop,1,315.629896,2023-08-28 00:00:00,48.08673789,603
241,John Gonzalez,Shirt,1,572.2387857,2023-08-29 00:00:00,92.8956749,449
242,James Johnson,Shirt,2,239.8739575,2023-08-30 00:00:00,98.77493799,165
243,Robert Rodriguez,Book,2,219.1241072,2023-08-31 00:00:00,76.405363,671
244,Robert Smith,Bike,4,739.6462831,2023-09-01 00:00:00,89.18846012,337
245,Richard Wilson,Book,4,585.4133219,2023-09-02 00:00:00,9.965979306,141
246,Charles Williams,Laptop,2,964.222243,2023-09-03 00:00:00,17.25207474,225
247,David Martinez,,3,140.4962022,2023-09-04 00:00:00,80.48605382,670
248,Mary Anderson,Bike,1,964.5378506,2023-09-05 00:00:00,51.85609263,92
249,Karen Taylor,Laptop,3,383.7334831,2023-09-06 00:00:00,78.00509117,201
250,Sarah Anderson,Laptop,4,624.7116938,2023-09-07 00:00:00,51.38606926,233
251,Susan Jones,Shirt,3,599.0015469,2023-09-08 00:00:00,31.75436137,738
252,James Lopez,Laptop,4,832.7938967,2023-09-09 00:00:00,9.21133488,316
253,Patricia Davis,Shirt,3,548.7773081,2023-09-10 00:00:00,77.20525501,524
254,Sarah Williams,Bike,4,134.0114181,2023-09-11 00:00:00,35.60644964,555
255,William Lopez,Shirt,3,301.5167869,2023-09-12 00:00:00,14.80339729,732
256,Thomas Moore,Shirt,4,516.3836184,2023-09-13 00:00:00,17.92956748,616
257,Jessica Williams,Book,4,217.1318052,2023-09-14 00:00:00,86.27733946,687
258,John Anderson,Laptop,4,350.5103969,2023-09-15 00:00:00,42.16536847,726
259,Linda Lopez,Laptop,3,150.3874535,2023-09-16 00:00:00,46.74336532,468
260,Mary Anderson,Laptop,2,64.17507151,2023-09-17 00:00:00,85.31637911,287
261,Susan Martin,Laptop,1,165.0798738,2023-09-18 00:00:00,19.8459728,431
262,Joseph Williams,Laptop,1,265.2708041,2023-09-19 00:00:00,23.67791499,424
263,David Davis,,3,621.2563339,2023-09-20 00:00:00,33.36208009,587
264,John Jackson,Book,1,752.2328872,2023-09-21 00:00:00,34.85209081,411
265,Barbara Wilson,,3,450.1178454,2023-09-22 00:00:00,53.67257285,668
266,Linda Johnson,Book,3,674.9548382,2023-09-23 00:00:00,85.46414707,494
267,Elizabeth Smith,Bike,4,587.545881,2023-09-24 00:00:00,23.75276218,770
268,John Thomas,Laptop,2,77.05152846,2023-09-25 00:00:00,81.86503182,516
269,Robert Brown,Shirt,2,730.2912522,2023-09-26 00:00:00,63.88618699,399
270,William Lopez,Book,2,206.0890446,2023-09-27 00:00:00,76.81570286,106
271,William Taylor,Laptop,4,665.6150018,2023-09-28 00:00:00,43.294751,49
272,Michael Williams,Laptop,2,975.4877732,2023-09-29 00:00:00,28.89026169,59
273,Susan Rodriguez,Toy,3,70.94654605,2023-09-30 00:00:00,34.65371091,648
274,John Rodriguez,Bike,1,174.5503315,2023-10-01 00:00:00,17.78882756,136
275,Jennifer Davis,,3,983.7555983,2023-10-02 00:00:00,6.534438391,726
276,John Jackson,Toy,1,729.3257382,2023-10-03 00:00:00,52.75562525,293
277,Joseph Jackson,Book,4,816.976387,2023-10-04 00:00:00,77.18790604,606
278,David Rodriguez,Toy,2,507.7220337,2023-10-05 00:00:00,57.46206989,639
279,Thomas Martin,Book,3,503.9402835,2023-10-06 00:00:00,29.02121032,109
280,Charles Williams,Toy,2,603.9785699,2023-10-07 00:00:00,73.35739174,582
281,Linda Brown,Shirt,4,40.75002236,2023-10-08 00:00:00,79.1754732,383
282,Karen Smith,Toy,2,635.1396444,2023-10-09 00:00:00,96.6430818,504
283,Charles Miller,Bike,1,884.8802006,2023-10-10 00:00:00,5.721282987,653
284,Richard Brown,Book,4,908.6268546,2023-10-11 00:00:00,61.19257413,154
285,Barbara Moore,Laptop,3,357.5076106,2023-10-12 00:00:00,76.38312837,503
286,David Hernandez,Toy,4,147.8971985,2023-10-13 00:00:00,78.38415318,45
287,David Lopez,Toy,2,568.2227697,2023-10-14 00:00:00,73.49398691,172
288,Karen Rodriguez,Bike,1,819.8088818,2023-10-15 00:00:00,85.33606158,653
289,Karen Martin,Book,4,929.9236394,2023-10-16 00:00:00,79.06676266,88
290,Charles Jackson,Toy,3,222.4269851,2023-10-17 00:00:00,56.14706489,224
291,Jessica Johnson,Book,4,754.1992303,2023-10-18 00:00:00,12.84836451,542
292,Jennifer Martin,Book,1,32.89206008,2023-10-19 00:00:00,51.83890199,215
293,Elizabeth Rodriguez,Toy,3,689.1353034,2023-10-20 00:00:00,5.530261835,763
294,James Thomas,Bike,1,425.129045,2023-10-21 00:00:00,77.68761372,339
295,John Garcia,Shirt,1,313.1593678,2023-10-22 00:00:00,74.06314818,661
296,Karen Brown,Toy,1,483.5822409,2023-10-23 00:00:00,7.920903672,183
297,James Johnson,Shirt,3,724.5913909,2023-10-24 00:00:00,6.198980566,334
298,Joseph Jackson,Toy,1,280.3987742,2023-10-25 00:00:00,22.02980901,613
299,William Johnson,Laptop,3,344.5650125,2023-10-26 00:00:00,30.98810925,482
300,Mary Moore,Shirt,4,,2023-10-27 00:00:00,24.39879219,105
301,Susan Gonzalez,Toy,1,278.2849694,2023-10-28 00:00:00,32.017906,100
302,John Gonzalez,Laptop,1,367.0597207,2023-10-29 00:00:00,92.1802815,32
303,Richard Martinez,,1,332.4465427,2023-10-30 00:00:00,79.0358429,3
304,Jessica Wilson,Bike,2,169.9146878,2023-10-31 00:00:00,71.36986666,120
305,John Williams,Bike,4,743.6018322,2023-11-01 00:00:00,5.145150284,413
306,Joseph Martinez,Laptop,3,667.7091796,2023-11-02 00:00:00,85.55243533,105
307,Mary Jones,Book,4,649.8947053,2023-11-03 00:00:00,74.93456032,776
308,Jessica Brown,Shirt,3,35.0329334,2023-11-04 00:00:00,64.9396078,22
309,Charles Rodriguez,Shirt,1,219.5421096,2023-11-05 00:00:00,25.24654875,71
310,Mary Johnson,Book,2,479.3651547,2023-11-06 00:00:00,29.31054439,599
311,Sarah Martin,Laptop,3,160.8297171,2023-11-07 00:00:00,44.58443617,95
312,Karen Brown,Book,1,464.7336335,2023-11-08 00:00:00,98.24184611,450
313,Joseph Jones,Toy,2,121.6378887,2023-11-09 00:00:00,42.0108248,541
314,Robert Moore,Toy,3,827.3860385,2023-11-10 00:00:00,71.41641275,646
315,Elizabeth Martin,Laptop,1,693.2049004,2023-11-11 00:00:00,29.2760894,413
316,Mary Thomas,Laptop,3,928.747348,2023-11-12 00:00:00,86.07849166,705
317,Elizabeth Moore,Bike,4,266.3302721,2023-11-13 00:00:00,53.55597571,493
318,Elizabeth Taylor,Book,1,238.9256986,2023-11-14 00:00:00,86.63332369,199
319,Joseph Garcia,Bike,2,641.7756509,2023-11-15 00:00:00,33.53188366,308
320,Robert Moore,Toy,3,353.4404924,2023-11-16 00:00:00,92.663916,692
321,Patricia Johnson,Book,2,261.567579,2023-11-17 00:00:00,29.02848776,249
322,James Garcia,Laptop,2,,2023-11-18 00:00:00,66.12595276,699
323,John Moore,,1,226.372799,2023-11-19 00:00:00,39.42789966,800
324,Thomas Rodriguez,,1,227.4154916,2023-11-20 00:00:00,93.23660451,553
325,Sarah Rodriguez,Shirt,2,129.6374681,2023-11-21 00:00:00,13.7071901,452
326,Elizabeth Jackson,Laptop,1,589.7100794,2023-11-22 00:00:00,41.94290812,393
327,Patricia Williams,Toy,4,710.6329704,2023-11-23 00:00:00,59.2280551,285
328,Linda Davis,Bike,4,381.9152429,2023-11-24 00:00:00,26.87566088,98
329,Karen Miller,Book,1,,2023-11-25 00:00:00,34.06571035,767
330,David Taylor,Toy,4,170.9299651,2023-11-26 00:00:00,46.98044509,638
331,Joseph Williams,,4,405.5267462,2023-11-27 00:00:00,49.09315437,101
332,Jennifer Martinez,Book,3,893.9849011,2023-11-28 00:00:00,99.72534692,256
333,Charles Martinez,Shirt,4,934.0413371,2023-11-29 00:00:00,42.41436242,628
334,Sarah Hernandez,Shirt,4,144.3745703,2023-11-30 00:00:00,11.08599965,174
335,John Jackson,Bike,3,635.8563432,2023-12-01 00:00:00,46.27883881,539
336,Karen Gonzalez,Bike,1,61.84545368,2023-12-02 00:00:00,35.23084027,275
337,Mary Taylor,Book,4,543.3901419,2023-12-03 00:00:00,14.85028257,635
338,Joseph Miller,Bike,3,898.8267815,2023-12-04 00:00:00,79.37361361,799
339,Jessica Gonzalez,Shirt,3,657.8280476,2023-12-05 00:00:00,49.91793417,738
340,Patricia Brown,Shirt,1,806.3247753,2023-12-06 00:00:00,71.60383456,307
341,Sarah Anderson,Bike,1,170.5836094,2023-12-07 00:00:00,91.81820558,521
342,William Jones,,2,85.31291562,2023-12-08 00:00:00,94.49954195,601
343,Sarah Jones,Laptop,3,965.8837383,2023-12-09 00:00:00,51.62771051,331
344,Thomas Gonzalez,Book,2,634.3710101,2023-12-10 00:00:00,23.14135396,293
345,Richard Moore,Shirt,4,911.1717356,2023-12-11 00:00:00,48.04838865,689
346,Patricia Johnson,Shirt,4,862.6450801,2023-12-12 00:00:00,33.85856005,89
347,Jessica Moore,Laptop,4,168.1905452,2023-12-13 00:00:00,33.35707619,36
348,Mary Williams,Bike,4,63.67947163,2023-12-14 00:00:00,83.15042809,746
349,Michael Rodriguez,Book,3,283.3163116,2023-12-15 00:00:00,95.88379137,556
350,Barbara Miller,Book,4,401.6713581,2023-12-16 00:00:00,93.73186536,384
351,Michael Jones,Laptop,2,507.4904619,2023-12-17 00:00:00,21.7802238,32
352,Mary Martinez,Toy,2,30.79022766,2023-12-18 00:00:00,31.14982846,438
353,Michael Martinez,Toy,3,254.8118905,2023-12-19 00:00:00,85.93070983,366
354,Joseph Johnson,Laptop,1,605.1583427,2023-12-20 00:00:00,64.04696914,88
355,Michael Jackson,Book,4,559.5621974,2023-12-21 00:00:00,75.79478557,144
356,Robert Jackson,Toy,1,188.2159176,2023-12-22 00:00:00,18.16566559,353
357,Barbara Jackson,Bike,2,191.4566159,2023-12-23 00:00:00,54.44786627,769
358,Thomas Smith,Shirt,1,694.2369769,2023-12-24 00:00:00,85.9440868,510
359,Elizabeth Thomas,Bike,1,,2023-12-25 00:00:00,75.30837128,739
360,Joseph Brown,Laptop,3,553.1511021,2023-12-26 00:00:00,53.51267688,157
361,Karen Wilson,Toy,2,717.7688646,2023-12-27 00:00:00,30.93495511,351
362,Patricia Gonzalez,Laptop,3,304.5799474,2023-12-28 00:00:00,20.90731346,767
363,Charles Thomas,Laptop,1,341.9666555,2023-12-29 00:00:00,91.64286873,498
364,Sarah Anderson,Shirt,3,577.3151532,2023-12-30 00:00:00,42.75931622,47
365,Charles Thomas,Shirt,2,655.9280789,2023-12-31 00:00:00,61.4671767,768
366,William Gonzalez,,1,761.2721183,2024-01-01 00:00:00,87.95813403,355
367,Thomas Martinez,Bike,3,87.10101973,2024-01-02 00:00:00,67.29927427,167
368,Jennifer Smith,Laptop,2,813.8800455,2024-01-03 00:00:00,75.54605446,2
369,Jessica Anderson,Shirt,3,143.0887172,2024-01-04 00:00:00,21.45200113,340
370,Jessica Jones,Toy,1,586.3396294,2024-01-05 00:00:00,53.99138111,25
371,David Gonzalez,Shirt,4,689.6936533,2024-01-06 00:00:00,65.95747162,360
372,Jennifer Lopez,Shirt,4,560.4499463,2024-01-07 00:00:00,50.06983616,470
373,Susan Brown,Shirt,3,968.3479918,2024-01-08 00:00:00,22.78230267,784
374,Robert Martinez,,1,360.0398546,2024-01-09 00:00:00,26.84959795,169
375,Barbara Davis,Laptop,4,260.1287417,2024-01-10 00:00:00,60.40275503,45
376,Jessica Smith,Laptop,4,930.7648338,2024-01-11 00:00:00,29.48515198,654
377,Jessica Rodriguez,Bike,4,345.0930465,2024-01-12 00:00:00,16.41022821,617
378,Elizabeth Moore,Bike,2,186.0233142,2024-01-13 00:00:00,56.57206785,785
379,Joseph Wilson,Laptop,2,386.5073436,2024-01-14 00:00:00,69.7326569,11
380,Karen Johnson,Laptop,1,553.8929622,2024-01-15 00:00:00,70.56291975,783
381,Linda Jackson,Book,3,439.4689464,2024-01-16 00:00:00,58.93628805,115
382,Richard Hernandez,Toy,4,881.4853018,2024-01-17 00:00:00,29.7964865,484
383,Elizabeth Wilson,Shirt,2,550.1868545,2024-01-18 00:00:00,32.8008706,487
384,David Martin,Book,2,997.6212495,2024-01-19 00:00:00,68.95439616,402
385,Richard Jones,Laptop,1,845.0452396,2024-01-20 00:00:00,59.81770927,459
386,Linda Wilson,Toy,2,720.7792319,2024-01-21 00:00:00,93.48282107,54
387,Robert Lopez,Laptop,3,753.1881028,2024-01-22 00:00:00,76.13109604,302
388,Barbara Wilson,Laptop,1,686.6771422,2024-01-23 00:00:00,88.47547641,535
389,Michael Wilson,Toy,1,383.3690802,2024-01-24 00:00:00,98.94907768,322
390,Linda Thomas,Shirt,4,34.3961447,2024-01-25 00:00:00,12.57348069,44
391,Karen Martin,Toy,2,460.1071589,2024-01-26 00:00:00,37.27485475,406
392,David Brown,Book,1,396.9583742,2024-01-27 00:00:00,76.48837779,540
393,Thomas Johnson,Laptop,2,967.0438769,2024-01-28 00:00:00,73.25503503,654
394,Karen Hernandez,Bike,4,659.1806738,2024-01-29 00:00:00,29.78841482,736
395,David Martinez,Bike,2,529.7414289,2024-01-30 00:00:00,21.47085974,283
396,Linda Brown,Bike,4,779.4533611,2024-01-31 00:00:00,34.27038362,280
397,Karen Martinez,Bike,1,217.9286823,2024-02-01 00:00:00,82.08122403,20
398,Charles Miller,Laptop,3,188.9878208,2024-02-02 00:00:00,15.128086,753
399,Patricia Hernandez,,3,196.7445975,2024-02-03 00:00:00,70.56036403,451
400,Susan Taylor,Laptop,3,368.6506934,2024-02-04 00:00:00,21.80600462,764
401,Joseph Rodriguez,Bike,4,397.8709859,2024-02-05 00:00:00,44.55452729,414
402,Jessica Smith,Book,1,503.1385017,2024-02-06 00:00:00,39.12326717,59
403,Elizabeth Smith,Laptop,1,905.1150722,2024-02-07 00:00:00,60.07000968,707
404,Mary Brown,Shirt,4,318.9575605,2024-02-08 00:00:00,47.2799995,411
405,Sarah Brown,Laptop,4,674.7036485,2024-02-09 00:00:00,19.84259901,82
406,Richard Anderson,Shirt,3,247.9170132,2024-02-10 00:00:00,94.22058664,212
407,Michael Martinez,Bike,3,623.6783618,2024-02-11 00:00:00,31.68325703,341
408,Robert Miller,Laptop,1,142.5742532,2024-02-12 00:00:00,7.824865548,234
409,Mary Moore,Laptop,2,352.1779606,2024-02-13 00:00:00,56.46490443,748
410,Michael Garcia,Toy,3,533.3523479,2024-02-14 00:00:00,99.25304888,21
411,Linda Smith,Bike,2,,2024-02-15 00:00:00,65.34983288,370
412,Linda Thomas,,3,,2024-02-16 00:00:00,13.07796004,224
413,Patricia Gonzalez,Bike,3,604.82008,2024-02-17 00:00:00,44.36744507,561
414,Barbara Jackson,Toy,2,735.3857931,2024-02-18 00:00:00,15.61331483,563
415,Joseph Brown,Bike,1,82.39630797,2024-02-19 00:00:00,39.62130502,127
416,Michael Jones,Bike,3,822.0445435,2024-02-20 00:00:00,76.965163,674
417,David Taylor,Shirt,4,252.8845492,2024-02-21 00:00:00,25.25582304,524
418,Mary Brown,Shirt,3,217.0560263,2024-02-22 00:00:00,5.290562611,623
419,Mary Jackson,Book,1,189.0691717,2024-02-23 00:00:00,8.898463365,191
420,Joseph Rodriguez,Laptop,2,351.7777124,2024-02-24 00:00:00,74.15939234,566
421,Barbara Brown,,2,657.8375452,2024-02-25 00:00:00,64.43079683,392
422,Barbara Anderson,Toy,2,902.6729657,2024-02-26 00:00:00,62.54230884,273
423,Elizabeth Williams,Book,3,884.8854512,2024-02-27 00:00:00,40.86909522,692
424,Jennifer Gonzalez,Bike,3,933.3705758,2024-02-28 00:00:00,45.37027883,241
425,Robert Lopez,Shirt,4,108.1597683,2024-02-29 00:00:00,28.50488219,336
426,David Garcia,Laptop,4,964.4420074,2024-03-01 00:00:00,53.2523321,133
427,Susan Martinez,Bike,3,146.3331647,2024-03-02 00:00:00,29.50831268,380
428,James Williams,Bike,2,145.0251529,2024-03-03 00:00:00,80.73260755,670
429,Robert Johnson,Bike,3,814.3999767,2024-03-04 00:00:00,11.65244576,216
430,David Brown,Book,3,864.4187023,2024-03-05 00:00:00,88.94506657,355
431,Barbara Davis,Shirt,3,658.7796956,2024-03-06 00:00:00,13.41815021,794
432,Mary Thomas,Shirt,3,844.9272417,2024-03-07 00:00:00,59.39343015,656
433,David Wilson,Bike,3,922.2960696,2024-03-08 00:00:00,52.41636459,528
434,Susan Hernandez,Toy,1,571.5687473,2024-03-09 00:00:00,62.34556322,285
435,Sarah Gonzalez,Book,1,848.1361759,2024-03-10 00:00:00,42.8974691,730
436,Susan Brown,Bike,1,314.1992305,2024-03-11 00:00:00,23.00201454,20
437,James Lopez,Book,4,149.7928343,2024-03-12 00:00:00,36.52672582,274
438,Jessica Davis,Toy,4,353.8028036,2024-03-13 00:00:00,73.66519959,751
439,William Garcia,Bike,4,261.7668068,2024-03-14 00:00:00,77.91946254,789
440,Patricia Jones,,1,740.763363,2024-03-15 00:00:00,7.929950165,798
441,Thomas Thomas,Toy,1,588.4727295,2024-03-16 00:00:00,19.27522138,253
442,Mary Martin,Book,1,666.7093875,2024-03-17 00:00:00,93.85534161,16
443,Charles Rodriguez,Book,3,623.635115,2024-03-18 00:00:00,35.76703544,500
444,David Williams,Bike,3,549.4297231,2024-03-19 00:00:00,97.49270638,46
445,Susan Moore,Book,3,835.2805569,2024-03-20 00:00:00,75.09147647,754
446,Thomas Moore,Toy,3,171.6459951,2024-03-21 00:00:00,90.25985705,743
447,Elizabeth Taylor,Toy,3,972.5684321,2024-03-22 00:00:00,27.40411785,553
448,Mary Miller,Book,1,798.1906676,2024-03-23 00:00:00,22.70497126,396
449,Thomas Hernandez,Toy,2,805.481009,2024-03-24 00:00:00,80.12754635,800
450,Thomas Wilson,Toy,1,51.44159212,2024-03-25 00:00:00,82.39664514,263
451,Michael Williams,Shirt,2,53.54402444,2024-03-26 00:00:00,75.95772159,205
452,David Anderson,,4,578.4631499,2024-03-27 00:00:00,76.04066476,368
453,Patricia Martin,Bike,4,444.6823004,2024-03-28 00:00:00,61.89953397,158
454,Michael Jones,Book,1,,2024-03-29 00:00:00,40.19302873,147
455,Robert Johnson,Bike,4,76.90191881,2024-03-30 00:00:00,69.31531078,447
456,John Jones,Shirt,1,32.16387458,2024-03-31 00:00:00,19.12056968,551
457,Michael Taylor,Book,4,932.5147248,2024-04-01 00:00:00,98.11941194,544
458,John Jones,Laptop,1,193.5849934,2024-04-02 00:00:00,80.81045894,221
459,Thomas Moore,Laptop,4,131.0059079,2024-04-03 00:00:00,57.04555309,265
460,Jennifer Davis,Bike,3,796.8855967,2024-04-04 00:00:00,70.86545569,358
461,Linda Martinez,Laptop,2,930.4334803,2024-04-05 00:00:00,47.41773483,249
462,Susan Martinez,Toy,4,91.95949277,2024-04-06 00:00:00,43.91722552,596
463,Robert Wilson,Toy,3,305.3118284,2024-04-07 00:00:00,86.80366694,602
464,John Martin,Book,2,169.1244736,2024-04-08 00:00:00,86.04616018,352
465,Richard Miller,Laptop,2,818.0594432,2024-04-09 00:00:00,83.12692119,565
466,Joseph Rodriguez,Laptop,4,886.6851186,2024-04-10 00:00:00,29.52363706,195
467,Sarah Anderson,Bike,1,834.5549109,2024-04-11 00:00:00,8.213716597,66
468,Charles Hernandez,Laptop,4,816.1835855,2024-04-12 00:00:00,60.52317579,163
469,Mary Garcia,Book,2,509.4989313,2024-04-13 00:00:00,52.72133192,37
470,Charles Gonzalez,Bike,3,,2024-04-14 00:00:00,30.40523269,279
471,John Taylor,Laptop,3,363.6188928,2024-04-15 00:00:00,32.68954289,507
472,Jessica Wilson,Toy,4,571.4410675,2024-04-16 00:00:00,68.52609307,764
473,Karen Taylor,Book,1,545.6079363,2024-04-17 00:00:00,72.51811907,766
474,John Williams,Bike,4,398.613996,2024-04-18 00:00:00,36.26981838,364
475,Patricia Hernandez,Shirt,4,449.8060198,2024-04-19 00:00:00,16.96734108,93
476,Sarah Williams,Bike,1,549.9431277,2024-04-20 00:00:00,35.76287235,288
477,Robert Williams,,2,211.9961328,2024-04-21 00:00:00,22.26678555,326
478,David Smith,Shirt,1,721.5989071,2024-04-22 00:00:00,28.43546703,410
479,Joseph Miller,Laptop,3,373.2444313,2024-04-23 00:00:00,83.86589345,311
480,Barbara Gonzalez,Laptop,3,476.5612763,2024-04-24 00:00:00,5.130891082,21
481,Thomas Moore,Toy,4,,2024-04-25 00:00:00,87.59938163,413
482,Jennifer Thomas,Laptop,3,228.7843641,2024-04-26 00:00:00,94.0499593,84
483,John Martin,Shirt,2,951.3235411,2024-04-27 00:00:00,43.05491672,717
484,William Hernandez,Toy,1,53.29765653,2024-04-28 00:00:00,82.33432494,675
485,Michael Moore,Book,3,409.5469793,2024-04-29 00:00:00,52.48832656,481
486,Sarah Wilson,Book,1,315.2216995,2024-04-30 00:00:00,20.22411894,225
487,Sarah Martinez,Toy,3,958.6581369,2024-05-01 00:00:00,31.97973836,757
488,Elizabeth Martin,Laptop,2,941.8726496,2024-05-02 00:00:00,96.119673,532
489,Michael Smith,Toy,1,341.0940757,2024-05-03 00:00:00,5.897818406,262
490,John Miller,Bike,2,,2024-05-04 00:00:00,23.96349029,395
491,James Miller,Laptop,3,525.4097621,2024-05-05 00:00:00,88.43242166,362
492,Thomas Martin,Bike,2,522.8861187,2024-05-06 00:00:00,44.51532234,167
493,Jennifer Brown,Laptop,2,171.4324745,2024-05-07 00:00:00,92.93924332,467
494,Linda Davis,Book,4,570.4809079,2024-05-08 00:00:00,81.05962896,20
495,Patricia Brown,Laptop,3,875.9070718,2024-05-09 00:00:00,98.00798148,363
496,Elizabeth Gonzalez,Bike,3,406.3492564,2024-05-10 00:00:00,8.617921433,97
497,Linda Lopez,Bike,2,876.6136467,2024-05-11 00:00:00,30.23663026,505
498,Patricia Lopez,Bike,4,,2024-05-12 00:00:00,19.92391081,279
499,Elizabeth Lopez,Shirt,2,323.0808918,2024-05-13 00:00:00,77.04041,103
500,David Williams,Toy,2,332.1269526,2024-05-14 00:00:00,60.21686778,66
501,Linda Miller,Shirt,2,298.6543317,2024-05-15 00:00:00,78.64071741,305
502,Thomas Rodriguez,Toy,4,351.715298,2024-05-16 00:00:00,12.60036602,472
503,Susan Jones,Laptop,2,163.5558537,2024-05-17 00:00:00,10.74418368,481
504,Jennifer Hernandez,Shirt,2,951.62874,2024-05-18 00:00:00,64.89097237,191
505,Robert Garcia,Shirt,2,155.6677451,2024-05-19 00:00:00,63.87367548,554
506,Charles Anderson,Book,3,358.66884,2024-05-20 00:00:00,22.42648781,89
507,Elizabeth Moore,Toy,2,,2024-05-21 00:00:00,63.33079173,585
508,Charles Gonzalez,Book,4,733.3391744,2024-05-22 00:00:00,70.51334361,82
509,Elizabeth Jackson,Shirt,4,767.8440242,2024-05-23 00:00:00,38.36294986,379
510,Jessica Davis,Book,2,80.08487462,2024-05-24 00:00:00,57.69034453,230
511,Richard Davis,Laptop,2,548.4056613,2024-05-25 00:00:00,77.75100146,491
512,John Miller,Toy,4,256.0914295,2024-05-26 00:00:00,48.84163937,476
513,Richard Moore,Shirt,3,834.483194,2024-05-27 00:00:00,32.62873531,238
514,Susan Jackson,Book,3,418.5001324,2024-05-28 00:00:00,70.00855267,692
515,David Davis,Book,3,570.6987536,2024-05-29 00:00:00,91.17487339,50
516,William Wilson,,1,611.298442,2024-05-30 00:00:00,69.92392539,389
517,Mary Johnson,Laptop,3,40.68292357,2024-05-31 00:00:00,19.88572283,755
518,Michael Gonzalez,Toy,1,462.2864501,2024-06-01 00:00:00,53.90950219,194
519,John Miller,Laptop,4,985.7055825,2024-06-02 00:00:00,38.76385925,269
520,Michael Garcia,Shirt,2,320.2535519,2024-06-03 00:00:00,80.51870951,662
521,Elizabeth Martin,Laptop,1,25.88308636,2024-06-04 00:00:00,51.33680993,164
522,Joseph Martin,Toy,2,502.0382428,2024-06-05 00:00:00,44.48894882,652
523,James Gonzalez,Bike,4,990.5525652,2024-06-06 00:00:00,24.89009696,256
524,Joseph Brown,Toy,2,712.9294251,2024-06-07 00:00:00,53.3610337,726
525,Richard Jackson,Shirt,4,,2024-06-08 00:00:00,42.36106077,150
526,Jennifer Miller,,2,22.19874109,2024-06-09 00:00:00,37.08257124,771
527,Mary Moore,,1,57.87911158,2024-06-10 00:00:00,60.71637047,136
528,William Martin,Shirt,4,851.4123729,2024-06-11 00:00:00,46.63173361,223
529,Patricia Jackson,Shirt,1,,2024-06-12 00:00:00,22.75803046,451
530,Joseph Smith,Shirt,1,123.7738504,2024-06-13 00:00:00,22.66949792,263
531,Susan Martin,Book,2,322.4491452,2024-06-14 00:00:00,83.088449,609
532,Richard Martin,Laptop,2,935.5199459,2024-06-15 00:00:00,40.19270627,726
533,Sarah Martin,Toy,1,447.5962188,2024-06-16 00:00:00,69.86418298,212
534,Jennifer Hernandez,Shirt,2,868.1899256,2024-06-17 00:00:00,23.87485077,624
535,Michael Williams,Bike,3,710.8788918,2024-06-18 00:00:00,79.36704832,676
536,Richard Martinez,Toy,2,,2024-06-19 00:00:00,36.7765044,752
537,James Anderson,Book,1,981.5223265,2024-06-20 00:00:00,49.60111893,135
538,Charles Rodriguez,Book,2,121.0755173,2024-06-21 00:00:00,23.71473308,735
539,Sarah Wilson,Toy,1,584.4634791,2024-06-22 00:00:00,72.46042323,433
540,John Miller,Shirt,2,483.0307355,2024-06-23 00:00:00,5.205507257,492
541,Elizabeth Taylor,Book,1,100.620839,2024-06-24 00:00:00,86.24477613,518
542,Michael Gonzalez,Toy,4,289.2557205,2024-06-25 00:00:00,77.15035451,429
543,Michael Johnson,Toy,4,693.6824041,2024-06-26 00:00:00,25.25621248,641
544,Charles Rodriguez,Bike,3,451.3874595,2024-06-27 00:00:00,44.31110217,719
545,James Smith,Book,1,980.2279341,2024-06-28 00:00:00,52.88740894,124
546,John Wilson,Book,3,711.0193514,2024-06-29 00:00:00,13.59762573,778
547,Michael Gonzalez,Laptop,1,995.5379469,2024-06-30 00:00:00,51.83438447,662
548,James Davis,Shirt,4,683.2808048,2024-07-01 00:00:00,9.797657227,530
549,Linda Moore,Book,1,59.76551687,2024-07-02 00:00:00,66.39587599,122
550,Richard Garcia,Toy,2,507.7032027,2024-07-03 00:00:00,12.12622332,530
551,Robert Jackson,Shirt,3,748.2761119,2024-07-04 00:00:00,53.84902391,488
552,Charles Moore,Bike,2,476.0937886,2024-07-05 00:00:00,5.140668527,115
553,James Jones,Book,4,59.00645273,2024-07-06 00:00:00,69.34919548,696
554,James Williams,Laptop,3,891.5793754,2024-07-07 00:00:00,50.21959016,115
555,John Moore,Shirt,3,237.4490729,2024-07-08 00:00:00,7.675764353,246
556,Susan Moore,Book,4,,2024-07-09 00:00:00,46.32871064,488
557,Linda Miller,Laptop,1,500.6525804,2024-07-10 00:00:00,56.44585105,462
558,Mary Miller,Bike,2,966.8618758,2024-07-11 00:00:00,66.25297103,623
559,Jennifer Davis,Shirt,2,346.5278537,2024-07-12 00:00:00,42.97321237,27
560,Michael Martin,Shirt,1,855.9922046,2024-07-13 00:00:00,26.84792654,360
561,Jennifer Thomas,Toy,2,49.70057852,2024-07-14 00:00:00,21.80685641,494
562,James Brown,Shirt,1,206.6693785,2024-07-15 00:00:00,82.49375346,644
563,Jessica Davis,Book,4,494.8346213,2024-07-16 00:00:00,29.82463529,303
564,Jennifer Martinez,Toy,3,226.3756479,2024-07-17 00:00:00,32.92571394,667
565,Patricia Moore,Bike,4,367.4388267,2024-07-18 00:00:00,93.56469311,667
566,Sarah Wilson,Toy,2,633.0745642,2024-07-19 00:00:00,23.11125234,450
567,Karen Thomas,Shirt,2,966.6081704,2024-07-20 00:00:00,36.44449981,380
568,Patricia Martin,Book,2,403.009057,2024-07-21 00:00:00,80.46474954,267
569,Patricia Jackson,Shirt,1,368.5458888,2024-07-22 00:00:00,38.73093989,561
570,Michael Martinez,Laptop,2,692.882958,2024-07-23 00:00:00,33.64438832,228
571,Patricia Lopez,Toy,4,795.5834246,2024-07-24 00:00:00,8.645915312,154
572,James Martin,Shirt,3,408.3857954,2024-07-25 00:00:00,91.20123821,262
573,Susan Johnson,Bike,2,90.01970737,2024-07-26 00:00:00,30.04220581,152
574,Jessica Jackson,Book,1,510.5288191,2024-07-27 00:00:00,23.12012692,423
575,Michael Anderson,Bike,3,847.1709635,2024-07-28 00:00:00,55.2338098,69
576,Thomas Rodriguez,Toy,4,680.5977021,2024-07-29 00:00:00,26.55322516,512
577,Susan Brown,Laptop,3,697.8235282,2024-07-30 00:00:00,15.68045394,438
578,Karen Anderson,Shirt,4,756.2709732,2024-07-31 00:00:00,90.76403145,150
579,Mary Williams,Bike,3,701.1954879,2024-08-01 00:00:00,49.2181952,497
580,Karen Wilson,Book,4,220.8271503,2024-08-02 00:00:00,65.66572908,637
581,David Davis,Bike,1,767.0938427,2024-08-03 00:00:00,25.54736592,455
582,Joseph Jones,Bike,1,833.0117657,2024-08-04 00:00:00,74.06396888,436
583,James Brown,Bike,2,121.2537716,2024-08-05 00:00:00,41.22687101,450
584,Jennifer Anderson,Laptop,4,309.3501717,2024-08-06 00:00:00,25.78435714,261
585,Robert Johnson,Bike,4,371.0339002,2024-08-07 00:00:00,31.37917439,199
586,David Davis,Toy,4,992.1538879,2024-08-08 00:00:00,18.52832631,97
587,Charles Miller,Book,1,472.8643371,2024-08-09 00:00:00,18.6514595,217
588,Barbara Anderson,Shirt,3,627.2494226,2024-08-10 00:00:00,40.09179705,212
589,Susan Brown,Laptop,2,711.6988632,2024-08-11 00:00:00,68.82638292,504
590,Sarah Moore,Book,4,514.4022067,2024-08-12 00:00:00,79.75641915,199
591,Elizabeth Taylor,Book,2,466.7820225,2024-08-13 00:00:00,51.83361138,686
592,Sarah Lopez,Shirt,4,175.6775281,2024-08-14 00:00:00,46.21590977,365
593,Sarah Jones,Shirt,4,,2024-08-15 00:00:00,32.64896544,183
594,Charles Jackson,Book,4,357.1253602,2024-08-16 00:00:00,88.74647734,593
595,John Gonzalez,Book,4,707.1260941,2024-08-17 00:00:00,93.90883742,428
596,Jessica Jones,Bike,3,377.1371486,2024-08-18 00:00:00,41.17049362,654
597,David Anderson,Laptop,2,849.3213984,2024-08-19 00:00:00,87.88366738,733
598,John Davis,Shirt,2,268.6979215,2024-08-20 00:00:00,72.67575027,39
599,Barbara Thomas,Bike,1,530.3072902,2024-08-21 00:00:00,63.62185956,395
600,Patricia Rodriguez,Laptop,3,,2024-08-22 00:00:00,47.79997662,28
601,Mary Moore,Shirt,2,819.9226154,2024-08-23 00:00:00,62.79387938,781
602,Linda Martin,Bike,4,133.0946173,2024-08-24 00:00:00,35.07859577,535
603,Joseph Martinez,Laptop,1,629.8904168,2024-08-25 00:00:00,69.22447427,638
604,Mary Martinez,Book,3,122.8278343,2024-08-26 00:00:00,30.15285356,93
605,Charles Wilson,Laptop,1,579.4123155,2024-08-27 00:00:00,10.48863863,798
606,Linda Davis,Laptop,4,411.0797123,2024-08-28 00:00:00,23.26605435,239
607,Robert Brown,Book,4,981.162911,2024-08-29 00:00:00,7.582203645,313
608,Joseph Anderson,Laptop,1,249.6840057,2024-08-30 00:00:00,64.14507707,385
609,David Moore,Bike,3,806.3642663,2024-08-31 00:00:00,67.24196088,798
610,James Miller,Laptop,4,961.8805108,2024-09-01 00:00:00,56.54353083,762
611,Charles Jones,Laptop,3,524.5862103,2024-09-02 00:00:00,80.52468063,497
612,William Williams,Laptop,4,933.2074845,2024-09-03 00:00:00,88.89806155,420
613,Sarah Smith,Laptop,1,122.6822257,2024-09-04 00:00:00,73.94406259,264
614,Patricia Smith,,2,330.7075448,2024-09-05 00:00:00,36.96073519,1
615,Karen Anderson,,1,,2024-09-06 00:00:00,47.94030418,10
616,James Taylor,Book,1,315.4538772,2024-09-07 00:00:00,17.35272801,74
617,Jessica Rodriguez,Shirt,4,140.6838689,2024-09-08 00:00:00,12.71974385,438
618,David Wilson,Toy,2,571.6521454,2024-09-09 00:00:00,58.43939141,800
619,Michael Wilson,Toy,1,415.6175247,2024-09-10 00:00:00,15.69875628,698
620,Jennifer Jones,Laptop,3,661.9058531,2024-09-11 00:00:00,40.71019944,103
621,Thomas Moore,Book,4,599.5454676,2024-09-12 00:00:00,92.59435125,84
622,Susan Wilson,Toy,2,224.0650479,2024-09-13 00:00:00,75.14529613,794
623,William Taylor,Book,2,921.195948,2024-09-14 00:00:00,39.2658451,228
624,Karen Thomas,Book,2,675.0830736,2024-09-15 00:00:00,53.70494321,647
625,Elizabeth Thomas,Toy,3,316.5469817,2024-09-16 00:00:00,9.051626115,522
626,Elizabeth Brown,Toy,1,886.6362476,2024-09-17 00:00:00,40.59290792,82
627,Jessica Garcia,Laptop,1,560.731124,2024-09-18 00:00:00,22.82104217,638
628,Sarah Rodriguez,Shirt,3,910.7206512,2024-09-19 00:00:00,74.5660301,193
629,Michael Brown,Toy,4,760.8166748,2024-09-20 00:00:00,61.02340877,465
630,David Jackson,Book,2,710.1071888,2024-09-21 00:00:00,93.48449596,313
631,Robert Smith,Bike,1,719.4195174,2024-09-22 00:00:00,44.40250219,499
632,Karen Davis,Shirt,3,203.4752165,2024-09-23 00:00:00,13.42468776,255
633,Jessica Wilson,Laptop,3,131.0896771,2024-09-24 00:00:00,60.72682618,271
634,Karen Taylor,Laptop,2,37.8024306,2024-09-25 00:00:00,24.1594263,672
635,Michael Jackson,Laptop,4,760.3393278,2024-09-26 00:00:00,9.386242096,768
636,Elizabeth Garcia,Toy,4,585.3358196,2024-09-27 00:00:00,83.32204093,14
637,Charles Miller,Toy,2,349.7187693,2024-09-28 00:00:00,8.505663973,684
638,Thomas Garcia,Book,3,384.5612546,2024-09-29 00:00:00,5.019007131,110
639,Linda Smith,Shirt,2,937.4486637,2024-09-30 00:00:00,54.3036827,187
640,Jessica Hernandez,Bike,3,544.6661405,2024-10-01 00:00:00,56.18346989,342
641,Charles Anderson,Book,1,,2024-10-02 00:00:00,40.03075073,403
642,Sarah Hernandez,Book,3,145.8244335,2024-10-03 00:00:00,39.08368246,453
643,Elizabeth Taylor,Laptop,4,799.8891742,2024-10-04 00:00:00,27.86878221,12
644,William Garcia,Book,1,493.6880623,2024-10-05 00:00:00,90.01852416,452
645,Michael Hernandez,Bike,2,808.2296355,2024-10-06 00:00:00,84.10437372,451
646,Jessica Hernandez,Laptop,2,214.3154551,2024-10-07 00:00:00,27.74660102,282
647,Charles Williams,Bike,1,278.9447579,2024-10-08 00:00:00,93.161811,741
648,William Taylor,Bike,2,244.208933,2024-10-09 00:00:00,86.54627734,331
649,Jessica Martin,Laptop,3,918.1255514,2024-10-10 00:00:00,38.8189906,593
650,Sarah Martin,Shirt,4,368.3003015,2024-10-11 00:00:00,7.237237121,339
651,Joseph Brown,Laptop,4,41.80167463,2024-10-12 00:00:00,41.4158457,305
652,Linda Wilson,Toy,2,100.3727125,2024-10-13 00:00:00,34.99087632,340
653,Karen Rodriguez,Laptop,2,861.3763758,2024-10-14 00:00:00,61.05557074,786
654,John Martinez,Laptop,2,963.8490919,2024-10-15 00:00:00,58.40976381,63
655,Barbara Taylor,Shirt,3,964.5206258,2024-10-16 00:00:00,54.48737147,122
656,Jessica Garcia,Book,1,184.4794816,2024-10-17 00:00:00,15.43951646,611
657,John Jones,Bike,1,127.6396452,2024-10-18 00:00:00,83.80455206,786
658,Mary Williams,Book,2,189.2900233,2024-10-19 00:00:00,50.78889016,431
659,Mary Taylor,Toy,1,905.5342171,2024-10-20 00:00:00,64.40813349,445
660,Sarah Anderson,Bike,3,793.4003618,2024-10-21 00:00:00,73.8149095,643
661,Jessica Miller,Book,2,910.2856857,2024-10-22 00:00:00,55.1575291,686
662,Robert Hernandez,Shirt,4,775.6304648,2024-10-23 00:00:00,69.88515718,782
663,David Miller,Shirt,3,158.9100144,2024-10-24 00:00:00,24.62933017,765
664,Linda Jones,Shirt,3,381.5114826,2024-10-25 00:00:00,40.90933245,305
665,Joseph Lopez,Book,1,636.4710447,2024-10-26 00:00:00,33.46362389,603
666,James Gonzalez,,2,631.4339187,2024-10-27 00:00:00,99.52739071,455
667,James Taylor,Book,4,757.5336369,2024-10-28 00:00:00,10.81459777,333
668,Robert Rodriguez,,2,874.5131041,2024-10-29 00:00:00,81.56614572,279
669,Michael Garcia,Shirt,3,974.7034478,2024-10-30 00:00:00,79.92013943,789
670,Joseph Lopez,,1,364.3305246,2024-10-31 00:00:00,23.81181348,782
671,Susan Jackson,Shirt,3,375.4250392,2024-11-01 00:00:00,99.38272621,207
672,Jennifer Brown,Shirt,4,16.33237227,2024-11-02 00:00:00,53.59036105,723
673,Mary Smith,,1,503.1453876,2024-11-03 00:00:00,46.67788557,118
674,Mary Hernandez,Shirt,1,353.0962091,2024-11-04 00:00:00,11.92772361,258
675,Michael Anderson,Laptop,4,105.0587537,2024-11-05 00:00:00,9.846150751,188
676,Susan Martinez,,4,746.7127215,2024-11-06 00:00:00,45.78468054,542
677,Charles Jackson,Book,3,545.5816672,2024-11-07 00:00:00,51.27316245,54
678,Richard Gonzalez,Book,4,381.3476469,2024-11-08 00:00:00,60.86428331,164
679,Mary Jones,Book,3,475.5135024,2024-11-09 00:00:00,80.20581332,223
680,Sarah Williams,Shirt,2,827.5542912,2024-11-10 00:00:00,75.81294321,402
681,Patricia Garcia,Book,4,506.4142844,2024-11-11 00:00:00,90.93212242,550
682,Robert Lopez,Shirt,2,734.3433077,2024-11-12 00:00:00,6.583327407,87
683,Susan Jackson,Toy,4,836.113469,2024-11-13 00:00:00,52.10425952,575
684,John Jackson,Bike,2,466.7786663,2024-11-14 00:00:00,55.93004334,95
685,Patricia Jones,Laptop,2,542.5911882,2024-11-15 00:00:00,7.232537702,260
686,Barbara Rodriguez,Book,4,992.215143,2024-11-16 00:00:00,50.58760362,425
687,James Jones,Book,2,184.6835551,2024-11-17 00:00:00,34.29275179,225
688,Robert Smith,Laptop,2,344.9874897,2024-11-18 00:00:00,18.04294496,80
689,Jessica Lopez,Shirt,2,212.4935384,2024-11-19 00:00:00,25.39367505,625
690,Mary Moore,Shirt,4,301.6827079,2024-11-20 00:00:00,87.83157138,117
691,Joseph Martin,Laptop,1,317.7839963,2024-11-21 00:00:00,63.73349493,476
692,Patricia Williams,Bike,1,511.2245636,2024-11-22 00:00:00,11.62893791,287
693,John Gonzalez,Book,3,638.877731,2024-11-23 00:00:00,64.46699582,30
694,Joseph Moore,Shirt,1,879.45811,2024-11-24 00:00:00,49.07362792,293
695,Thomas Taylor,Shirt,3,711.3960409,2024-11-25 00:00:00,58.14352987,337
696,Sarah Johnson,,3,975.2143466,2024-11-26 00:00:00,25.08290481,199
697,Mary Johnson,Bike,1,974.7952905,2024-11-27 00:00:00,51.52283319,778
698,Michael Taylor,Laptop,4,285.9488006,2024-11-28 00:00:00,88.20578934,688
699,Joseph Smith,Book,4,900.0977447,2024-11-29 00:00:00,33.58238522,84
700,Charles Wilson,Book,3,711.8507119,2024-11-30 00:00:00,97.05420885,257
701,Richard Wilson,Book,3,773.8421769,2024-12-01 00:00:00,86.79585683,437
702,Richard Miller,Bike,1,504.5834852,2024-12-02 00:00:00,38.36959042,266
703,Sarah Smith,Shirt,1,538.7472341,2024-12-03 00:00:00,74.90884178,340
704,Richard Hernandez,Shirt,3,124.5040949,2024-12-04 00:00:00,41.00928234,185
705,Susan Smith,Book,2,415.4108788,2024-12-05 00:00:00,51.21042514,529
706,Michael Taylor,,1,325.5958494,2024-12-06 00:00:00,95.17492543,749
707,Susan Jackson,Toy,2,483.6267388,2024-12-07 00:00:00,39.78374845,665
708,Jennifer Brown,Laptop,1,334.1721391,2024-12-08 00:00:00,54.4850947,612
709,James Moore,Bike,3,95.46818566,2024-12-09 00:00:00,31.20986594,458
710,Joseph Smith,Book,4,,2024-12-10 00:00:00,32.07978426,360
711,Robert Jones,Laptop,4,801.964731,2024-12-11 00:00:00,67.69041047,414
712,John Williams,Toy,3,686.2640634,2024-12-12 00:00:00,88.67489915,323
713,James Hernandez,Bike,2,672.6898919,2024-12-13 00:00:00,58.18121721,632
714,Susan Martinez,Bike,3,520.9389929,2024-12-14 00:00:00,31.66524753,739
715,David Martin,Book,1,60.31918745,2024-12-15 00:00:00,11.21225852,714
716,Joseph Rodriguez,Book,2,238.6970452,2024-12-16 00:00:00,81.73284699,52
717,Barbara Johnson,Shirt,4,687.5643634,2024-12-17 00:00:00,27.60618947,648
718,Mary Brown,Book,1,151.096945,2024-12-18 00:00:00,62.96828681,798
719,Barbara Lopez,Shirt,1,526.1555948,2024-12-19 00:00:00,38.84920512,44
720,John Gonzalez,Bike,4,,2024-12-20 00:00:00,17.0864876,527
721,Mary Martinez,,3,,2024-12-21 00:00:00,77.29916794,293
722,Jennifer Rodriguez,Laptop,1,747.5145168,2024-12-22 00:00:00,10.49159352,285
723,James Smith,Toy,3,573.4076092,2024-12-23 00:00:00,25.17240784,159
724,Joseph Martin,Book,2,376.6649204,2024-12-24 00:00:00,46.16511453,716
725,Joseph Wilson,,2,436.4032955,2024-12-25 00:00:00,82.28916028,711
726,Jessica Jones,Shirt,1,346.5794596,2024-12-26 00:00:00,39.01000208,126
727,Richard Moore,Toy,2,839.7321209,2024-12-27 00:00:00,40.92217703,265
728,Michael Johnson,Toy,2,737.6300914,2024-12-28 00:00:00,82.3459994,497
729,Robert Brown,,2,328.3761298,2024-12-29 00:00:00,17.62103648,500
730,Jennifer Wilson,Bike,3,514.7110902,2024-12-30 00:00:00,62.6353372,316
731,Thomas Miller,Bike,1,775.386225,2024-12-31 00:00:00,79.93693606,192
732,Susan Martinez,Toy,4,334.4352915,2025-01-01 00:00:00,7.687446363,465
733,Joseph Wilson,Book,4,524.5208978,2025-01-02 00:00:00,81.9385726,242
734,Michael Thomas,Laptop,2,207.9243001,2025-01-03 00:00:00,51.74022798,245
735,James Thomas,,4,,2025-01-04 00:00:00,75.69115696,367
736,Thomas Moore,Book,1,398.346426,2025-01-05 00:00:00,31.18169789,648
737,Sarah Thomas,Bike,2,914.4183913,2025-01-06 00:00:00,52.58307494,621
738,Linda Jackson,Bike,4,917.208974,2025-01-07 00:00:00,92.37785557,572
739,John Johnson,Book,3,511.6100798,2025-01-08 00:00:00,59.45157816,139
740,Charles Rodriguez,Bike,1,547.7902919,2025-01-09 00:00:00,64.15400939,394
741,John Gonzalez,Shirt,1,563.1750573,2025-01-10 00:00:00,21.03014527,726
742,Elizabeth Williams,Shirt,1,32.67790517,2025-01-11 00:00:00,36.63697485,92
743,Elizabeth Anderson,Book,3,324.2205742,2025-01-12 00:00:00,75.65994551,130
744,Jennifer Martin,Bike,3,237.8736569,2025-01-13 00:00:00,56.24796161,611
745,John Taylor,Laptop,4,97.59548073,2025-01-14 00:00:00,15.69608486,735
746,Jessica Garcia,Book,2,810.3191775,2025-01-15 00:00:00,59.09376261,38
747,Patricia Johnson,Bike,2,874.6217353,2025-01-16 00:00:00,85.09039561,507
748,Sarah Jones,Bike,2,582.8230835,2025-01-17 00:00:00,96.74679219,337
749,Thomas Miller,Toy,4,431.6233338,2025-01-18 00:00:00,66.64719582,112
750,Jennifer Thomas,Book,1,287.2986312,2025-01-19 00:00:00,52.14098086,705
751,Elizabeth Martin,Book,4,588.631032,2025-01-20 00:00:00,33.33029255,311
752,Joseph Smith,Book,3,390.6578457,2025-01-21 00:00:00,80.86390473,705
753,Patricia Miller,Book,4,262.5514249,2025-01-22 00:00:00,71.29546658,786
754,Robert Wilson,Toy,3,705.0448553,2025-01-23 00:00:00,83.32609587,755
755,Barbara Martin,Shirt,2,826.8441708,2025-01-24 00:00:00,96.82591994,633
756,Richard Brown,Shirt,4,872.9679864,2025-01-25 00:00:00,94.97357355,300
757,William Jackson,Book,1,535.7612678,2025-01-26 00:00:00,73.96316048,72
758,Linda Brown,Book,4,230.8364805,2025-01-27 00:00:00,29.19680822,431
759,Patricia Anderson,Laptop,1,242.894371,2025-01-28 00:00:00,96.96797205,137
760,Joseph Williams,Book,3,117.940761,2025-01-29 00:00:00,88.12238207,415
761,James Martinez,Bike,2,,2025-01-30 00:00:00,91.35312616,207
762,William Moore,Toy,3,40.60975337,2025-01-31 00:00:00,21.91706616,203
763,Robert Martin,Bike,4,371.8267893,2025-02-01 00:00:00,55.80648655,635
764,Joseph Garcia,Book,1,317.6913738,2025-02-02 00:00:00,10.28197896,324
765,Mary Taylor,,1,104.3231769,2025-02-03 00:00:00,35.72409324,419
766,Barbara Lopez,Bike,1,415.1580763,2025-02-04 00:00:00,63.66827421,640
767,Thomas Jackson,Bike,4,600.2126134,2025-02-05 00:00:00,86.20534553,409
768,John Miller,Book,2,425.048573,2025-02-06 00:00:00,28.18259701,83
769,Barbara Moore,Shirt,2,,2025-02-07 00:00:00,90.0483711,149
770,Jessica Taylor,Shirt,1,,2025-02-08 00:00:00,65.53124258,440
771,Charles Martinez,Shirt,4,488.4803265,2025-02-09 00:00:00,20.15789036,656
772,Mary Martinez,Book,1,370.4284478,2025-02-10 00:00:00,87.7957559,799
773,Susan Hernandez,Book,4,276.7774315,2025-02-11 00:00:00,41.72421505,328
774,Richard Brown,Laptop,1,83.95432738,2025-02-12 00:00:00,26.00017875,212
775,Barbara Martinez,Shirt,2,327.3689975,2025-02-13 00:00:00,9.64881627,379
776,Linda Martinez,Bike,1,952.9925082,2025-02-14 00:00:00,42.79724448,528
777,Robert Jones,Laptop,1,493.3231607,2025-02-15 00:00:00,26.5555164,737
778,Charles Miller,Laptop,3,958.6652121,2025-02-16 00:00:00,7.499801412,13
779,Susan Williams,Bike,2,932.4205829,2025-02-17 00:00:00,69.58209398,662
780,Jennifer Brown,,3,,2025-02-18 00:00:00,56.49223341,143
781,Michael Smith,Laptop,1,392.7316796,2025-02-19 00:00:00,78.48780683,334
782,Thomas Garcia,Book,1,918.6194454,2025-02-20 00:00:00,75.91577366,536
783,Linda Moore,Laptop,2,385.4118391,2025-02-21 00:00:00,89.2481311,224
784,Michael Hernandez,Laptop,1,104.8901924,2025-02-22 00:00:00,57.84310436,59
785,Jessica Jones,Laptop,3,,2025-02-23 00:00:00,31.63655631,740
786,Jessica Martin,Book,1,243.2899327,2025-02-24 00:00:00,11.7866782,83
787,Elizabeth Davis,Bike,3,542.8008851,2025-02-25 00:00:00,54.53873688,175
788,John Thomas,Laptop,1,912.4864307,2025-02-26 00:00:00,97.68848098,42
789,Robert Rodriguez,Bike,4,300.0075346,2025-02-27 00:00:00,32.95496114,365
790,Barbara Jones,Book,1,243.7267009,2025-02-28 00:00:00,34.95273216,180
791,James Jones,Shirt,2,912.8515694,2025-03-01 00:00:00,27.87412184,370
792,Richard Rodriguez,Toy,2,859.5654027,2025-03-02 00:00:00,60.59675028,60
793,Jessica Garcia,Laptop,3,397.510137,2025-03-03 00:00:00,69.33819192,417
794,Jennifer Anderson,Toy,2,872.2842394,2025-03-04 00:00:00,88.25109696,493
795,Patricia Gonzalez,Bike,2,365.3696771,2025-03-05 00:00:00,45.0441366,502
796,Karen Smith,Laptop,2,461.2014745,2025-03-06 00:00:00,37.87434582,747
797,Karen Martin,Toy,4,157.1292668,2025-03-07 00:00:00,36.99985347,506
798,David Jones,Shirt,1,891.6285663,2025-03-08 00:00:00,70.78269071,660
799,Joseph Anderson,Bike,4,775.5290708,2025-03-09 00:00:00,50.78115816,407
800,Barbara Moore,Book,1,482.6156399,2025-03-10 00:00:00,16.89033992,50
801,Sarah Hernandez,Bike,1,,2025-03-11 00:00:00,64.31600785,346
802,Susan Moore,Laptop,2,893.2110739,2025-03-12 00:00:00,87.14770861,453
803,Barbara Moore,Toy,2,666.60824,2025-03-13 00:00:00,44.61655631,26
804,Sarah Lopez,Laptop,2,809.6564755,2025-03-14 00:00:00,85.69920848,710
805,Susan Jackson,Bike,4,61.37321488,2025-03-15 00:00:00,62.64558286,318
806,William Davis,Bike,4,603.2230347,2025-03-16 00:00:00,90.7845381,465
807,Karen Miller,,4,789.7082565,2025-03-17 00:00:00,68.55382699,63
808,Sarah Johnson,Shirt,1,966.5458268,2025-03-18 00:00:00,78.28416194,591
809,Robert Hernandez,Bike,4,642.7123763,2025-03-19 00:00:00,23.63467911,312
810,Joseph Miller,Laptop,2,64.49223326,2025-03-20 00:00:00,7.978197208,415
811,Barbara Jones,Shirt,4,348.2711107,2025-03-21 00:00:00,67.20421444,255
812,Thomas Anderson,Laptop,2,456.7612393,2025-03-22 00:00:00,80.38382051,77
813,Joseph Taylor,Toy,1,31.31683405,2025-03-23 00:00:00,24.6171351,355
814,Robert Moore,,2,969.3865743,2025-03-24 00:00:00,29.64639949,465
815,Robert Martinez,Shirt,3,659.7518593,2025-03-25 00:00:00,85.36560392,757
816,Elizabeth Smith,Bike,4,328.6976747,2025-03-26 00:00:00,10.94842223,645
817,Michael Jones,Toy,1,40.43688148,2025-03-27 00:00:00,36.37123985,436
818,Joseph Rodriguez,Bike,3,966.7154957,2025-03-28 00:00:00,92.39765933,396
819,Linda Lopez,Toy,2,328.2685572,2025-03-29 00:00:00,73.89337462,257
820,Elizabeth Lopez,Toy,3,,2025-03-30 00:00:00,17.55534217,171
821,Barbara Rodriguez,Toy,3,836.7527225,2025-03-31 00:00:00,53.53325847,100
822,John Martin,Shirt,2,595.5095358,2025-04-01 00:00:00,31.36512692,176
823,Barbara Garcia,Book,3,786.6945246,2025-04-02 00:00:00,91.79969873,622
824,William Williams,Laptop,1,711.9851952,2025-04-03 00:00:00,14.15482919,763
825,Elizabeth Smith,Bike,2,965.3772284,2025-04-04 00:00:00,29.47020055,43
826,Linda Jackson,Laptop,1,125.0412014,2025-04-05 00:00:00,43.30124419,59
827,John Hernandez,Toy,4,648.1600837,2025-04-06 00:00:00,25.4606624,682
828,Robert Wilson,Toy,4,461.6173131,2025-04-07 00:00:00,13.815779,10
829,Linda Martinez,Book,4,495.1615642,2025-04-08 00:00:00,26.80719832,88
830,Robert Gonzalez,Bike,3,340.0635804,2025-04-09 00:00:00,67.96108731,52
831,Robert Rodriguez,Toy,1,253.3210928,2025-04-10 00:00:00,66.47411564,514
832,Linda Gonzalez,Shirt,4,11.88577235,2025-04-11 00:00:00,7.573390261,35
833,Mary Miller,Toy,1,392.525067,2025-04-12 00:00:00,26.92659724,706
834,Karen Anderson,Book,2,424.3274002,2025-04-13 00:00:00,30.35277519,756
835,John Taylor,Shirt,4,640.9637957,2025-04-14 00:00:00,41.61488052,51
836,Jennifer Smith,Shirt,3,,2025-04-15 00:00:00,13.58442879,654
837,Karen Jackson,Book,2,446.1140287,2025-04-16 00:00:00,74.45370875,556
838,Mary Hernandez,Bike,4,163.8466581,2025-04-17 00:00:00,8.7261871,368
839,Karen Miller,Laptop,4,771.0580307,2025-04-18 00:00:00,40.3614034,597
840,Robert Wilson,Book,1,490.6770535,2025-04-19 00:00:00,55.79165419,389
841,Karen Moore,Book,4,105.1045386,2025-04-20 00:00:00,89.98502514,233
842,Karen Martinez,Toy,4,,2025-04-21 00:00:00,68.11771632,189
843,Susan Brown,Book,4,814.9518314,2025-04-22 00:00:00,62.60558778,446
844,James Anderson,Laptop,1,27.739304,2025-04-23 00:00:00,80.70109432,33
845,Linda Moore,Toy,4,457.9784572,2025-04-24 00:00:00,6.940862239,780
846,Elizabeth Garcia,Laptop,4,141.4883664,2025-04-25 00:00:00,57.86767481,511
847,Michael Martin,Book,2,974.291076,2025-04-26 00:00:00,91.6954857,668
848,Barbara Lopez,Shirt,2,239.4324816,2025-04-27 00:00:00,22.35013914,282
849,Sarah Johnson,Laptop,4,532.9059727,2025-04-28 00:00:00,5.376906574,466
850,Richard Rodriguez,Laptop,3,710.779932,2025-04-29 00:00:00,75.24949228,105
851,Robert Anderson,Shirt,3,439.3299738,2025-04-30 00:00:00,23.21403213,281
852,Thomas Jackson,Toy,3,523.5934864,2025-05-01 00:00:00,73.5459837,707
853,Susan Rodriguez,Bike,2,972.9085502,2025-05-02 00:00:00,13.34211151,710
854,Patricia Lopez,Toy,1,911.177248,2025-05-03 00:00:00,81.21325307,23
855,Robert Rodriguez,Toy,2,208.9982118,2025-05-04 00:00:00,32.33961593,641
856,Sarah Miller,Toy,2,622.4990215,2025-05-05 00:00:00,43.0022335,317
857,Richard Gonzalez,Toy,3,587.7425866,2025-05-06 00:00:00,78.0832707,1
858,Patricia Hernandez,Toy,4,891.7471526,2025-05-07 00:00:00,28.67543246,598
859,Susan Thomas,Shirt,2,444.8499356,2025-05-08 00:00:00,18.11690575,376
860,Jennifer Moore,Laptop,1,750.8514972,2025-05-09 00:00:00,80.23931932,174
861,Robert Hernandez,Book,3,995.4933791,2025-05-10 00:00:00,38.13008538,471
862,Karen Jones,Shirt,3,,2025-05-11 00:00:00,53.78700236,51
863,David Smith,Shirt,1,841.0452299,2025-05-12 00:00:00,75.75313343,176
864,Michael Jackson,Bike,3,892.5800531,2025-05-13 00:00:00,87.02020106,443
865,James Martinez,Shirt,2,904.8358581,2025-05-14 00:00:00,38.23194559,118
866,Joseph Rodriguez,Bike,2,936.785016,2025-05-15 00:00:00,67.73301652,61
867,William Jackson,Laptop,4,364.1444545,2025-05-16 00:00:00,77.24570327,461
868,Susan Wilson,Book,3,791.0737386,2025-05-17 00:00:00,62.39887355,703
869,Jessica Moore,Shirt,1,22.21909858,2025-05-18 00:00:00,13.66480244,349
870,Mary Gonzalez,Book,3,127.9168494,2025-05-19 00:00:00,27.88767302,107
871,Charles Davis,Book,1,,2025-05-20 00:00:00,88.12771993,356
872,Jennifer Williams,Book,1,334.8945575,2025-05-21 00:00:00,15.61064151,13
873,Charles Johnson,Bike,4,151.4073146,2025-05-22 00:00:00,56.00635962,397
874,Patricia Jones,Book,3,364.7637023,2025-05-23 00:00:00,27.57641994,725
875,Susan Anderson,Shirt,4,954.6288887,2025-05-24 00:00:00,70.42584501,620
876,Sarah Martinez,Laptop,2,757.0012663,2025-05-25 00:00:00,41.20974421,476
877,Barbara Thomas,Toy,1,929.3098093,2025-05-26 00:00:00,8.138207547,197
878,John Davis,Shirt,3,267.739156,2025-05-27 00:00:00,70.97535786,292
879,Susan Jackson,Toy,2,148.6225525,2025-05-28 00:00:00,17.16422356,416
880,Joseph Smith,Bike,1,192.1691097,2025-05-29 00:00:00,40.6157943,338
881,William Rodriguez,Laptop,1,124.5126135,2025-05-30 00:00:00,87.52146716,386
882,Michael Rodriguez,Toy,3,630.2871519,2025-05-31 00:00:00,67.85154928,785
883,Elizabeth Smith,Bike,4,215.503461,2025-06-01 00:00:00,83.10980104,711
884,Thomas Taylor,Toy,2,414.8871382,2025-06-02 00:00:00,41.60824411,206
885,Jennifer Lopez,Toy,1,,2025-06-03 00:00:00,34.49046983,233
886,Charles Lopez,Bike,2,271.9303283,2025-06-04 00:00:00,41.95118001,690
887,Richard Smith,Book,2,216.6776759,2025-06-05 00:00:00,26.24107923,416
888,Sarah Hernandez,Laptop,1,627.2186736,2025-06-06 00:00:00,58.23224066,764
889,Barbara Gonzalez,Bike,3,156.0869678,2025-06-07 00:00:00,20.52334329,525
890,Thomas Garcia,Laptop,4,88.91265306,2025-06-08 00:00:00,23.08490729,142
891,David Jackson,Laptop,1,224.1031758,2025-06-09 00:00:00,10.92672545,406
892,Richard Garcia,Book,3,567.9458083,2025-06-10 00:00:00,18.46317012,669
893,Jessica Johnson,Shirt,1,195.7338307,2025-06-11 00:00:00,64.98235563,391
894,Patricia Jones,Laptop,1,88.28976287,2025-06-12 00:00:00,89.25446891,664
895,Robert Martinez,Shirt,2,855.7702442,2025-06-13 00:00:00,36.31613579,737
896,Michael Gonzalez,Bike,1,840.6976857,2025-06-14 00:00:00,43.3061643,677
897,Sarah Hernandez,Book,2,725.4852301,2025-06-15 00:00:00,7.464121173,36
898,John Jones,Shirt,1,706.4129956,2025-06-16 00:00:00,94.26305686,26
899,John Taylor,Shirt,1,233.4247228,2025-06-17 00:00:00,92.13727165,772
900,Charles Brown,Shirt,1,,2025-06-18 00:00:00,14.07416719,297
901,Thomas Wilson,,4,,2025-06-19 00:00:00,43.05135441,353
902,Susan Jones,Book,1,210.1234884,2025-06-20 00:00:00,59.11165583,239
903,Sarah Anderson,Bike,3,687.4244639,2025-06-21 00:00:00,78.76632196,256
904,David Martin,Toy,1,545.9811902,2025-06-22 00:00:00,85.41191649,538
905,Linda Anderson,Shirt,4,411.1912811,2025-06-23 00:00:00,87.94937984,525
906,Richard Jackson,Shirt,1,734.4251337,2025-06-24 00:00:00,6.801668966,651
907,David Martin,Laptop,1,601.3276146,2025-06-25 00:00:00,86.29572108,213
908,Jessica Williams,Bike,3,900.7487427,2025-06-26 00:00:00,99.77084638,144
909,John Garcia,,1,10.15975065,2025-06-27 00:00:00,61.48472891,390
910,Sarah Hernandez,Laptop,3,877.0595877,2025-06-28 00:00:00,20.70268163,282
911,Michael Moore,Toy,1,892.4818076,2025-06-29 00:00:00,97.90134475,175
912,David Thomas,Shirt,2,646.0726399,2025-06-30 00:00:00,22.5702166,354
913,Robert Davis,Bike,1,861.7738727,2025-07-01 00:00:00,34.93007891,127
914,Barbara Wilson,Bike,2,578.4357997,2025-07-02 00:00:00,70.90112408,800
915,Sarah Williams,Shirt,1,746.4479478,2025-07-03 00:00:00,64.44781775,300
916,John Martin,Shirt,1,476.8256675,2025-07-04 00:00:00,38.82141238,373
917,Richard Martin,Book,1,158.1033382,2025-07-05 00:00:00,70.79472499,328
918,Patricia Davis,Laptop,2,,2025-07-06 00:00:00,57.53937686,436
919,Mary Garcia,Shirt,2,103.575102,2025-07-07 00:00:00,39.28936992,79
920,Robert Davis,Toy,2,653.619122,2025-07-08 00:00:00,98.98810504,363
921,Joseph Rodriguez,Bike,4,62.28719577,2025-07-09 00:00:00,75.24215607,22
922,Richard Anderson,Laptop,2,553.4254574,2025-07-10 00:00:00,37.96997195,432
923,Robert Wilson,Toy,3,746.4025285,2025-07-11 00:00:00,72.50443049,588
924,William Hernandez,Shirt,2,846.7176892,2025-07-12 00:00:00,81.81171484,2
925,James Williams,Book,2,493.0311111,2025-07-13 00:00:00,27.99430779,252
926,Linda Williams,Book,1,368.4928188,2025-07-14 00:00:00,50.43326794,374
927,Karen Johnson,Shirt,4,506.4924831,2025-07-15 00:00:00,59.74470745,180
928,James Moore,,1,992.4881917,2025-07-16 00:00:00,33.27073387,550
929,Robert Wilson,,4,414.0859685,2025-07-17 00:00:00,37.85790335,126
930,Jessica Gonzalez,Toy,1,973.1342218,2025-07-18 00:00:00,29.7850824,673
931,Barbara Anderson,Laptop,1,264.9733759,2025-07-19 00:00:00,8.171037018,185
932,Robert Smith,Shirt,3,978.9169447,2025-07-20 00:00:00,10.70045174,549
933,Joseph Taylor,Shirt,3,,2025-07-21 00:00:00,19.90302153,142
934,Linda Wilson,Bike,4,,2025-07-22 00:00:00,24.69874253,90
935,Karen Wilson,Toy,1,876.35176,2025-07-23 00:00:00,16.48732579,409
936,Mary Martinez,Toy,1,354.3912527,2025-07-24 00:00:00,7.25688282,228
937,Thomas Hernandez,Shirt,3,684.7447236,2025-07-25 00:00:00,6.605605035,394
938,Joseph Williams,,4,181.001679,2025-07-26 00:00:00,60.93731982,31
939,Sarah Garcia,Laptop,3,672.8569262,2025-07-27 00:00:00,69.25658085,109
940,Patricia Taylor,,4,716.3523239,2025-07-28 00:00:00,50.79650896,120
941,William Johnson,Book,4,,2025-07-29 00:00:00,30.36071539,419
942,Thomas Thomas,Bike,2,520.5320571,2025-07-30 00:00:00,5.822835395,478
943,Jennifer Rodriguez,Book,1,734.134514,2025-07-31 00:00:00,69.79429822,275
944,Charles Davis,Laptop,3,23.71285923,2025-08-01 00:00:00,45.14212209,683
945,John Rodriguez,Laptop,2,769.8752294,2025-08-02 00:00:00,53.73092074,54
946,Jennifer Miller,Shirt,2,236.2081002,2025-08-03 00:00:00,22.96105455,81
947,Barbara Rodriguez,Bike,1,,2025-08-04 00:00:00,5.056156451,384
948,Robert Moore,Laptop,2,324.915635,2025-08-05 00:00:00,61.55864919,196
949,Sarah Williams,Laptop,2,426.6624215,2025-08-06 00:00:00,21.88359385,647
950,Karen Jones,Book,2,757.8802058,2025-08-07 00:00:00,49.6289479,425
951,Charles Miller,Book,4,756.8217403,2025-08-08 00:00:00,35.68254769,405
952,Sarah Thomas,Toy,2,836.1069802,2025-08-09 00:00:00,73.86396198,422
953,William Moore,Toy,4,259.2409338,2025-08-10 00:00:00,43.19763562,113
954,William Hernandez,Toy,4,156.3184493,2025-08-11 00:00:00,15.29954697,161
955,Jessica Martinez,Bike,4,137.8490813,2025-08-12 00:00:00,96.7843242,518
956,William Gonzalez,Shirt,1,437.6784057,2025-08-13 00:00:00,29.15838503,429
957,Mary Taylor,Shirt,2,747.8746489,2025-08-14 00:00:00,85.72722115,428
958,Linda Gonzalez,Bike,4,136.1478534,2025-08-15 00:00:00,27.02359734,500
959,Richard Hernandez,Book,3,928.2307002,2025-08-16 00:00:00,54.94685364,71
960,Richard Johnson,Shirt,3,267.739305,2025-08-17 00:00:00,82.62069743,407
961,Mary Gonzalez,Bike,1,328.4623512,2025-08-18 00:00:00,65.32458368,273
962,Thomas Williams,Toy,4,486.0705021,2025-08-19 00:00:00,28.35009717,176
963,Thomas Taylor,Toy,3,674.918589,2025-08-20 00:00:00,82.40943335,304
964,David Hernandez,Bike,2,638.3643272,2025-08-21 00:00:00,98.59236093,654
965,Richard Gonzalez,Shirt,4,283.6131979,2025-08-22 00:00:00,88.63064293,322
966,Sarah Lopez,Book,4,515.6379112,2025-08-23 00:00:00,48.20014528,258
967,Karen Davis,Bike,2,852.6347798,2025-08-24 00:00:00,17.15621975,399
968,Patricia Miller,Bike,3,616.6228228,2025-08-25 00:00:00,69.44543689,587
969,Richard Thomas,,4,426.3780778,2025-08-26 00:00:00,50.71971207,31
970,Michael Brown,Shirt,2,380.9160471,2025-08-27 00:00:00,10.61657077,140
971,Susan Gonzalez,Laptop,3,352.8746002,2025-08-28 00:00:00,95.55670971,64
972,Sarah Williams,Shirt,2,805.6358404,2025-08-29 00:00:00,60.94057982,60
973,Jessica Jackson,Laptop,3,735.3199543,2025-08-30 00:00:00,13.15418663,257
974,Karen Thomas,Shirt,4,337.8686339,2025-08-31 00:00:00,31.26117279,630
975,Joseph Jones,Laptop,4,974.0429091,2025-09-01 00:00:00,60.22697482,702
976,Thomas Jackson,Book,2,358.0335956,2025-09-02 00:00:00,36.33865928,505
977,Joseph Thomas,Shirt,4,258.3158178,2025-09-03 00:00:00,27.98130165,426
978,David Hernandez,,3,727.2659929,2025-09-04 00:00:00,37.18701107,681
979,Mary Jones,Shirt,4,809.1037759,2025-09-05 00:00:00,5.992671534,450
980,Sarah Garcia,Laptop,4,910.2655175,2025-09-06 00:00:00,57.16322756,494
981,David Johnson,Book,1,787.2676319,2025-09-07 00:00:00,23.58965408,594
982,David Gonzalez,Book,1,929.6414837,2025-09-08 00:00:00,63.16113766,504
983,Jessica Anderson,Bike,1,271.4572046,2025-09-09 00:00:00,84.58250635,609
984,Charles Johnson,Book,2,973.1997322,2025-09-10 00:00:00,99.34003725,383
985,Karen Wilson,Book,1,285.1832165,2025-09-11 00:00:00,34.36209008,430
986,Elizabeth Martinez,Laptop,3,316.7806375,2025-09-12 00:00:00,12.86223443,151
987,Charles Moore,Laptop,4,268.0613293,2025-09-13 00:00:00,76.17314155,101
988,Charles Martin,Toy,3,915.0996259,2025-09-14 00:00:00,92.76355585,31
989,Michael Jackson,Toy,3,775.9074591,2025-09-15 00:00:00,47.49160645,603
990,Patricia Smith,Toy,1,449.0090611,2025-09-16 00:00:00,68.20754525,730
991,Joseph Moore,Bike,1,880.7055135,2025-09-17 00:00:00,25.96730014,431
992,Richard Brown,Laptop,2,55.39963759,2025-09-18 00:00:00,44.34578035,644
993,Jennifer Martin,Bike,2,153.5357306,2025-09-19 00:00:00,80.27494083,68
994,Mary Moore,Book,1,10.8849368,2025-09-20 00:00:00,29.11412237,463
995,Charles Wilson,Toy,4,394.3358824,2025-09-21 00:00:00,14.10513214,787
996,Richard Martin,Shirt,2,313.969716,2025-09-22 00:00:00,88.30626378,586
997,Charles Thomas,Bike,4,999.6124766,2025-09-23 00:00:00,60.15810437,161
998,Jennifer Moore,Bike,4,979.0482353,2025-09-24 00:00:00,56.18938719,628
999,David Martin,Toy,2,54.22906203,2025-09-25 00:00:00,60.94717984,170
1000,Mary Hernandez,Shirt,2,730.3667463,2025-09-26 00:00:00,33.12789054,517
